c,L,t,n,length,standard_error
0.5,32,1,8,0.6635264696675975,0.0033320739730363148
0.5,32,2,8,0.7031785066992638,0.003731267183076988
0.5,32,3,8,0.7380472895827944,0.004161653926625035
0.5,32,4,8,0.7580068123230119,0.005492306729221296
0.5,32,5,8,0.7760209165216958,0.0038948133937938933
0.5,32,6,8,0.7872410715642371,0.004495574276640527
0.5,32,7,8,0.8032612268765452,0.005710658417028049
0.5,32,8,8,0.8226747927560586,0.003828472049540973
0.5,32,10,8,0.8403300963006501,0.006103704626367209
0.5,32,12,8,0.8592396866058915,0.009436370760130444
0.5,32,15,8,0.8736214712500985,0.00995800720718755
0.5,32,18,8,0.9054945559814789,0.01275277930867997
0.5,32,22,8,0.914897775237613,0.007684103671016855
0.5,32,27,8,0.9570902207447239,0.010363886782782042
0.5,32,33,8,0.9796143569890803,0.007965120077621488
0.5,32,40,8,1.025094024973239,0.009409921235981535
0.5,32,48,8,1.037525432349331,0.013952663734356724
0.5,32,58,8,1.0603700028949234,0.01570654146911021
0.5,32,71,8,1.0913028667632294,0.02059281720533569
0.5,32,86,8,1.127121469218557,0.022888853314182233
0.5,32,105,8,1.1588145830427972,0.020599817189764974
0.5,32,127,8,1.2072733246863498,0.017360212812898585
0.5,32,154,8,1.2331948938871786,0.015571530692940668
0.5,32,187,8,1.2949227938460561,0.02470746908504444
0.5,32,227,8,1.3327958556547428,0.028101172856574045
0.5,32,276,8,1.386130304279456,0.025281680436832633
0.5,32,334,8,1.4253997627203354,0.029813917695715272
0.5,32,406,8,1.4941764451553423,0.025648734322038715
0.5,32,493,8,1.5213262145119395,0.025074583449907706
0.5,32,598,8,1.5413003763210134,0.03222533667971067
0.5,32,726,8,1.6350547322934381,0.019698120938381438
0.5,32,881,8,1.7085951085128912,0.026087434580410546
0.5,32,1069,8,1.7606084512721618,0.023270751468523095
0.5,32,1298,8,1.8316052825717657,0.03930100915817651
0.5,32,1576,8,1.8964713956895056,0.025547022504240045
0.5,32,1912,8,2.0260733516479656,0.06961265184211878
0.5,32,2321,8,2.115233367958655,0.07304339747751158
0.5,32,2818,8,2.2272330692483133,0.051260355004179754
0.5,32,3420,8,2.30557747543602,0.059207396706305836
0.5,32,4151,8,2.3814695409728626,0.04632621694596369
0.5,32,5039,8,2.5834959202942764,0.08532791133409441
0.5,32,6116,8,2.675264624267756,0.0815110554148479
0.5,32,7423,8,2.8235443465347405,0.06328126288925653
0.5,32,9010,8,2.880150961076967,0.04497609952729505
0.5,32,10937,8,2.920064332552168,0.0741498222095208
0.5,32,13275,8,3.087434389898715,0.060981507467346936
0.5,32,16113,8,3.2484614018904083,0.0798130580003747
0.5,32,19557,8,3.3290518687814705,0.08398959152661899
0.5,32,23739,8,3.692064502678814,0.20621496347257198
0.5,32,28814,8,4.150616054339462,0.3045678574178957
0.5,32,34974,8,4.4994767791536985,0.42889294453561855
0.5,32,42451,8,nan,nan
0.5,32,51526,8,nan,nan
0.5,32,62542,8,nan,nan
0.5,32,75913,8,nan,nan
0.5,32,92142,8,nan,nan
0.5,32,111841,8,nan,nan
0.5,32,135751,8,nan,nan
0.5,32,164773,8,nan,nan
0.5,32,200000,8,nan,nan
0.5,64,1,8,0.6703253134184144,0.00401043692350267
0.5,64,2,8,0.7091327533650577,0.00454821576687132
0.5,64,3,8,0.7391483113513095,0.004604691929380987
0.5,64,4,8,0.7563787479421292,0.003694957687508599
0.5,64,5,8,0.7741275880466689,0.0032776851398951456
0.5,64,6,8,0.7924710567231003,0.004755869063140436
0.5,64,7,8,0.8056594964278084,0.004276267266946687
0.5,64,8,8,0.8155510183785011,0.0039326033457369736
0.5,64,10,8,0.8384899760356932,0.003869187619710976
0.5,64,12,8,0.8562202395106586,0.003019838718799729
0.5,64,15,8,0.8823818252561936,0.005709333544063175
0.5,64,18,8,0.9007612594161452,0.004961092719911528
0.5,64,22,8,0.9163650382349192,0.004731838237256746
0.5,64,27,8,0.9513397154259732,0.005770234938212267
0.5,64,33,8,0.9767709033988676,0.007500001189410248
0.5,64,40,8,1.00731575865926,0.005900515250313204
0.5,64,48,8,1.0378638183761675,0.008143594121888944
0.5,64,58,8,1.0854943412449318,0.005810064629405026
0.5,64,71,8,1.1228948612157579,0.006789031187516739
0.5,64,86,8,1.1616917459984855,0.01238481450879365
0.5,64,105,8,1.185133633906732,0.011884146066183444
0.5,64,127,8,1.2169523876582198,0.010116286535106657
0.5,64,154,8,1.2600397130226524,0.006800102130323014
0.5,64,187,8,1.3004837586399032,0.01062934808335191
0.5,64,227,8,1.3388389498774733,0.010314349571946381
0.5,64,276,8,1.3956558072129908,0.01368340394198703
0.5,64,334,8,1.4373618905877896,0.01245595762647738
0.5,64,406,8,1.4975624117477804,0.011691300760058115
0.5,64,493,8,1.5371042081869306,0.015063726669372059
0.5,64,598,8,1.5972121029726878,0.017511709110801632
0.5,64,726,8,1.652954262789204,0.018050810290732643
0.5,64,881,8,1.7124633323826797,0.022632388230357472
0.5,64,1069,8,1.7544449103941104,0.024109745998073254
0.5,64,1298,8,1.8229046553359745,0.02848692505025188
0.5,64,1576,8,1.9031247546314218,0.023139279405759227
0.5,64,1912,8,1.9990285208254088,0.030985060418088652
0.5,64,2321,8,2.078271660442924,0.03352000460184337
0.5,64,2818,8,2.1601248274272282,0.021498373450626513
0.5,64,3420,8,2.2553851794026136,0.02643333457953317
0.5,64,4151,8,2.3917967689297126,0.03094764081790965
0.5,64,5039,8,2.51890966755977,0.032637642613216084
0.5,64,6116,8,2.6350013896678686,0.04304062050425022
0.5,64,7423,8,2.723839065169518,0.047124276338707985
0.5,64,9010,8,2.818223431930521,0.045194724111912735
0.5,64,10937,8,2.9670466192312945,0.037695623335351994
0.5,64,13275,8,3.0817468060108544,0.034829798354586536
0.5,64,16113,8,3.2706752940456805,0.04500940904071568
0.5,64,19557,8,3.4719367333135587,0.0540079157998542
0.5,64,23739,8,3.719971332283656,0.0703521346174221
0.5,64,28814,8,3.892911896504299,0.05293123015913978
0.5,64,34974,8,4.232552788386402,0.0749825384477748
0.5,64,42451,8,4.511713395485412,0.10538693635817133
0.5,64,51526,8,4.625162736676798,0.09742366970883552
0.5,64,62542,8,4.967610057908082,0.09821541905434109
0.5,64,75913,8,5.056334635695909,0.08334388617961239
0.5,64,92142,8,5.490747173193732,0.11812706499884126
0.5,64,111841,8,5.776401479120161,0.14950513488936723
0.5,64,135751,8,6.080183117637137,0.15966305708853587
0.5,64,164773,8,6.459376083536027,0.17032420113617683
0.5,64,200000,8,6.855344007748007,0.16643793933801843
0.5,96,1,8,0.6713056693429414,0.0017098133579516981
0.5,96,2,8,0.7131258192649829,0.0016581370694938116
0.5,96,3,8,0.7405365297111051,0.0017297306752645488
0.5,96,4,8,0.7627084885845956,0.002131994884772204
0.5,96,5,8,0.7821381902595288,0.0020777964055150727
0.5,96,6,8,0.7958268865871323,0.0026394559269654664
0.5,96,7,8,0.8083189935085756,0.0029571980152163237
0.5,96,8,8,0.8202254831602548,0.0033443959369820883
0.5,96,10,8,0.8420124810965157,0.002971781460732278
0.5,96,12,8,0.8627355721766458,0.002534653220839545
0.5,96,15,8,0.8858593403688605,0.003106417939383469
0.5,96,18,8,0.9080451373851697,0.0046355068412131765
0.5,96,22,8,0.9308947288824603,0.005451815895854616
0.5,96,27,8,0.9548147634489779,0.0036233224188769683
0.5,96,33,8,0.9828172348016522,0.0050944372472425834
0.5,96,40,8,1.0067782597264128,0.005618288685845877
0.5,96,48,8,1.0332784293481407,0.006577455339555836
0.5,96,58,8,1.0652570718929424,0.007816234652707938
0.5,96,71,8,1.1041133547904247,0.012851115711050074
0.5,96,86,8,1.1453327137081013,0.013642646754490737
0.5,96,105,8,1.1835061137294811,0.014125495300900388
0.5,96,127,8,1.2216569639852768,0.011977973536241731
0.5,96,154,8,1.2485669216897537,0.012016446085023108
0.5,96,187,8,1.28754078779284,0.01011636087094134
0.5,96,227,8,1.3325171249143841,0.009286327949810963
0.5,96,276,8,1.3822012697689114,0.010243989547502544
0.5,96,334,8,1.4283810056090172,0.012818101743790826
0.5,96,406,8,1.4857184677641977,0.011045182248409387
0.5,96,493,8,1.5336759724076614,0.0081478021013911
0.5,96,598,8,1.5739066164970554,0.0054241379601263065
0.5,96,726,8,1.6391068153262243,0.009741197915320111
0.5,96,881,8,1.6830899046575976,0.007618382292949962
0.5,96,1069,8,1.7502051535995007,0.013114818151959761
0.5,96,1298,8,1.8214612433995447,0.012946859948003724
0.5,96,1576,8,1.879656092168402,0.011321481685461324
0.5,96,1912,8,1.9545018318026814,0.012753223910242823
0.5,96,2321,8,2.054311253930238,0.01569473381790546
0.5,96,2818,8,2.1602424870288934,0.018657104137282162
0.5,96,3420,8,2.2602891730117847,0.012052734354458547
0.5,96,4151,8,2.388388343479808,0.023253291753599258
0.5,96,5039,8,2.492372299848521,0.025630188101796625
0.5,96,6116,8,2.604825015227242,0.035352280310050395
0.5,96,7423,8,2.7047902231116154,0.03107415015223538
0.5,96,9010,8,2.861405303461916,0.03253666302406427
0.5,96,10937,8,3.0495842229391172,0.0604203458620728
0.5,96,13275,8,3.179900113256157,0.06390925798855533
0.5,96,16113,8,3.310904059485545,0.06801797143718295
0.5,96,19557,8,3.5173231155849325,0.0535270913282444
0.5,96,23739,8,3.6516622946294124,0.06766128251968358
0.5,96,28814,8,3.7935264076253192,0.051626735413140716
0.5,96,34974,8,3.987136541055468,0.05008589072564828
0.5,96,42451,8,4.15868355024841,0.03872881695246997
0.5,96,51526,8,4.462355419582941,0.05115403650852203
0.5,96,62542,8,4.704507646852237,0.06181205618080746
0.5,96,75913,8,4.965018634295623,0.08017586810779156
0.5,96,92142,8,5.389669639064767,0.08164665480310074
0.5,96,111841,8,5.782992666670903,0.11873842696740818
0.5,96,135751,8,6.062633127228347,0.11995459360187388
0.5,96,164773,8,6.3829021602030585,0.13429429408895735
0.5,96,200000,8,6.683397310068863,0.1487274122891396
0.5,128,1,8,0.6702937314157902,0.0014828487673418387
0.5,128,2,8,0.7098952139977157,0.001889304741424046
0.5,128,3,8,0.7364067525726733,0.0020700411360451776
0.5,128,4,8,0.7592230843347318,0.0025124746734490645
0.5,128,5,8,0.7789268816062878,0.0024873834675064057
0.5,128,6,8,0.7949839544312142,0.0027535045196222744
0.5,128,7,8,0.8081101208666419,0.0029666458138740844
0.5,128,8,8,0.8220107077743032,0.002794727393007903
0.5,128,10,8,0.8439274455280472,0.002994469268128797
0.5,128,12,8,0.8615309200983226,0.002389579288540972
0.5,128,15,8,0.8864899048628039,0.0026225335173074727
0.5,128,18,8,0.9031874255135459,0.002953534486050695
0.5,128,22,8,0.9277066541781608,0.0032237600224455337
0.5,128,27,8,0.9508506739998195,0.004006946497736287
0.5,128,33,8,0.9748613537064159,0.004325436956648502
0.5,128,40,8,1.004640195874882,0.005941695647295375
0.5,128,48,8,1.033389960487927,0.005934098660131442
0.5,128,58,8,1.0672147188290364,0.004964747407476283
0.5,128,71,8,1.106363541445989,0.006529956447601849
0.5,128,86,8,1.1367716832747785,0.007402096711743106
0.5,128,105,8,1.1778640206275535,0.009436924236353466
0.5,128,127,8,1.2064864015469141,0.007692946660071
0.5,128,154,8,1.251938184029175,0.006198694643501823
0.5,128,187,8,1.292661370634167,0.005277768860038284
0.5,128,227,8,1.3259648639658648,0.004950017974828651
0.5,128,276,8,1.3733346765065406,0.0035634313424954696
0.5,128,334,8,1.4207579457218649,0.004430968100958022
0.5,128,406,8,1.46783893505717,0.004131643032891473
0.5,128,493,8,1.5062221871413022,0.007400713003198294
0.5,128,598,8,1.5773944765234351,0.005504058532087927
0.5,128,726,8,1.6375073335687895,0.006898444113446568
0.5,128,881,8,1.6997927441346063,0.009436723300531658
0.5,128,1069,8,1.757415019929403,0.005651224756584872
0.5,128,1298,8,1.8275083027660157,0.006392003888584864
0.5,128,1576,8,1.907482945256856,0.0077675444225904075
0.5,128,1912,8,1.985166535663486,0.011362836526071679
0.5,128,2321,8,2.0746540889306275,0.008785775164119648
0.5,128,2818,8,2.1710027910207943,0.011314648605766548
0.5,128,3420,8,2.272896485442719,0.011531496085530564
0.5,128,4151,8,2.3822490752374,0.016974938084497137
0.5,128,5039,8,2.5058617395923095,0.012312117765391126
0.5,128,6116,8,2.622847847713342,0.025328665672463484
0.5,128,7423,8,2.738783136082212,0.017894911366541214
0.5,128,9010,8,2.8709476939878185,0.023189614795618048
0.5,128,10937,8,2.9872338432619774,0.020368435712312307
0.5,128,13275,8,3.1561887317688626,0.024224447408121134
0.5,128,16113,8,3.313401631957679,0.032407888159735436
0.5,128,19557,8,3.4882364423068872,0.03140631202557252
0.5,128,23739,8,3.7029698330728933,0.02508158670650681
0.5,128,28814,8,3.867815058395979,0.034526465664991374
0.5,128,34974,8,4.041452073292936,0.046547107013769976
0.5,128,42451,8,4.334894221663431,0.06113243225035911
0.5,128,51526,8,4.584690555198445,0.062377971611711755
0.5,128,62542,8,4.831501570960441,0.07422015860878038
0.5,128,75913,8,5.074923826360586,0.06424457810920972
0.5,128,92142,8,5.404236255450792,0.05441997259530373
0.5,128,111841,8,5.64603327325532,0.052912908028755465
0.5,128,135751,8,5.9807078131457345,0.06768795710552152
0.5,128,164773,8,6.379755949118242,0.07132942184552037
0.5,128,200000,8,6.770711903836117,0.08186867717755016
0.15,32,1,8,0.6096113258862607,0.009591896031943003
0.15,32,2,8,0.6418062341263956,0.00952032430492938
0.15,32,3,8,0.66370821901236,0.009237158516081666
0.15,32,4,8,0.6735403185669133,0.00889321534191157
0.15,32,5,8,0.6832859849797006,0.008728034616496284
0.15,32,6,8,0.6886363195769,0.009082835803421872
0.15,32,7,8,0.6966864322856576,0.00876759943353256
0.15,32,8,8,0.708207067621393,0.008416434339365455
0.15,32,10,8,0.7233667308673064,0.008575647684121194
0.15,32,12,8,0.728949541305025,0.007761801227307177
0.15,32,15,8,0.7459525858171753,0.009921444514744976
0.15,32,18,8,0.7597909464323886,0.014280081340100056
0.15,32,22,8,0.7605092869078172,0.01997271249632239
0.15,32,27,8,0.7789690749696104,0.015356958349189745
0.15,32,33,8,0.8003776444899899,0.015310132143706674
0.15,32,40,8,0.8121901849652873,0.011555647752724307
0.15,32,48,8,0.83001622168237,0.011055773750663522
0.15,32,58,8,0.8515199573292078,0.016993223644278195
0.15,32,71,8,0.8835826629998543,0.024450690657485744
0.15,32,86,8,0.9051814886646965,0.021763638680345726
0.15,32,105,8,0.9455907483983351,0.02741994211366029
0.15,32,127,8,0.9660209166112952,0.024738543628793762
0.15,32,154,8,1.0189263734586305,0.029334174556516757
0.15,32,187,8,1.0420879143754467,0.023407790135284125
0.15,32,227,8,1.098774415879011,0.02912402939072269
0.15,32,276,8,1.130770209858996,0.04833157939810625
0.15,32,334,8,1.158427400306565,0.049404719434131765
0.15,32,406,8,1.2063422070020842,0.0398157208649529
0.15,32,493,8,1.239826738863563,0.02237054061963222
0.15,32,598,8,1.3051024523102468,0.0452020080085903
0.15,32,726,8,1.3218387156144504,0.061556134187971186
0.15,32,881,8,1.4023197739448134,0.052357152384974945
0.15,32,1069,8,1.4382694814458081,0.04113459766941578
0.15,32,1298,8,1.4982467986507464,0.06442593022611118
0.15,32,1576,8,1.4834745013556407,0.051827233878699426
0.15,32,1912,8,1.6156484033469902,0.0653113801972406
0.15,32,2321,8,1.6696552742403437,0.07788923807541064
0.15,32,2818,8,1.70544303229749,0.07935727773191989
0.15,32,3420,8,1.8879990831351436,0.07681442984906026
0.15,32,4151,8,2.006578381883069,0.07309216842096747
0.15,32,5039,8,2.196520754822561,0.06220647178413273
0.15,32,6116,8,2.1665344032142126,0.060606963910223445
0.15,32,7423,8,2.366167335694856,0.08183284673618695
0.15,32,9010,8,2.4619530331825996,0.09049064505984818
0.15,32,10937,8,2.5357242289702713,0.11136980990681589
0.15,32,13275,8,2.9088283379229134,0.11824369154362599
0.15,32,16113,8,2.987174393273719,0.121256633452138
0.15,32,19557,8,3.1075709650648258,0.1543701690582897
0.15,32,23739,8,2.955326951042119,0.13520984379104145
0.15,32,28814,8,3.4074950059295444,0.1537281855391485
0.15,32,34974,8,3.3604882939947998,0.24373669248116558
0.15,32,42451,8,3.8065942809790316,0.20278129949678167
0.15,32,51526,8,3.9961820546735707,0.20116665990863325
0.15,32,62542,8,3.968850530345784,0.1457071893847541
0.15,32,75913,8,4.1859317384479136,0.08479782351624332
0.15,32,92142,8,4.298700107672276,0.040827024634227625
0.15,32,111841,8,4.234318251587265,0.07367617801437601
0.15,32,135751,8,4.122118767327508,0.09166966831437989
0.15,32,164773,8,4.189739422158246,0.11602780604069998
0.15,32,200000,8,4.182104140061599,0.047484880899388376
0.15,64,1,8,0.6065347612504846,0.0024662097009301074
0.15,64,2,8,0.6301015034310642,0.003717722027572379
0.15,64,3,8,0.6460912379416632,0.0038516422086243233
0.15,64,4,8,0.662383293901072,0.003941282925798014
0.15,64,5,8,0.6744912160633953,0.004296951193181785
0.15,64,6,8,0.6869372576409598,0.006080780122510911
0.15,64,7,8,0.6957838325675253,0.0053989562397785025
0.15,64,8,8,0.7040511118058039,0.005550852812141898
0.15,64,10,8,0.7169036284267424,0.006803837185138449
0.15,64,12,8,0.7282427712864681,0.00624805553406286
0.15,64,15,8,0.7413672048778521,0.004878028788330473
0.15,64,18,8,0.7567058790107544,0.005316135880283555
0.15,64,22,8,0.7685533851838977,0.006198803740788823
0.15,64,27,8,0.794929463544896,0.006718912220249353
0.15,64,33,8,0.810902515640266,0.006721438086253537
0.15,64,40,8,0.8288928380264584,0.005193826352943019
0.15,64,48,8,0.8576302831160796,0.0077643818031637845
0.15,64,58,8,0.874369172582455,0.009291053300105804
0.15,64,71,8,0.8909970826351274,0.009229411722217758
0.15,64,86,8,0.9335729268534253,0.011805189236082854
0.15,64,105,8,0.954042373952986,0.01376186557204269
0.15,64,127,8,0.9723934197864221,0.012914045380766686
0.15,64,154,8,1.0247068937839914,0.014185659899580965
0.15,64,187,8,1.0484756088818004,0.012357879283359071
0.15,64,227,8,1.0816706906112528,0.016774551429922218
0.15,64,276,8,1.137060813299553,0.019370702811486604
0.15,64,334,8,1.2024290478774355,0.012079848885921585
0.15,64,406,8,1.2225887186075575,0.016226166441739277
0.15,64,493,8,1.2813095536060637,0.019137117330402374
0.15,64,598,8,1.3246218957929767,0.01874652770304683
0.15,64,726,8,1.346053266911646,0.020920487042687085
0.15,64,881,8,1.3921117436691273,0.017247538136107
0.15,64,1069,8,1.4605561666459017,0.012345078737613096
0.15,64,1298,8,1.5451316886148976,0.017186590018829044
0.15,64,1576,8,1.615409939168905,0.024497322058136033
0.15,64,1912,8,1.6815371114135615,0.028244344068292262
0.15,64,2321,8,1.7240133290657351,0.02478520534379809
0.15,64,2818,8,1.8213691836418118,0.030255178374190672
0.15,64,3420,8,1.8937518054202667,0.033334452763143556
0.15,64,4151,8,1.9488304872381454,0.03243170725450246
0.15,64,5039,8,2.05301008747118,0.03709445092732159
0.15,64,6116,8,2.1886862490503654,0.05352836753261345
0.15,64,7423,8,2.3671742744002895,0.03543532104303741
0.15,64,9010,8,2.3572517271142464,0.05680715898693298
0.15,64,10937,8,2.531196994235284,0.06958258275948867
0.15,64,13275,8,2.697604066841307,0.06803055798127976
0.15,64,16113,8,2.9122793868102796,0.12137159837223938
0.15,64,19557,8,2.9995235993630387,0.07838652459771837
0.15,64,23739,8,3.1400105703170635,0.06626362554524964
0.15,64,28814,8,3.3114836726513754,0.09163193875426134
0.15,64,34974,8,3.4302745242595902,0.09901692151883763
0.15,64,42451,8,3.686564935857982,0.0865871997398572
0.15,64,51526,8,3.7412864140907214,0.0818507237978042
0.15,64,62542,8,3.922720828930821,0.10150605842402835
0.15,64,75913,8,4.040924362105735,0.15562218146084852
0.15,64,92142,8,4.2966433553956405,0.124391393658972
0.15,64,111841,8,4.598716379081491,0.16201308294104153
0.15,64,135751,8,5.350640591406298,0.19592976200762077
0.15,64,164773,8,5.887071566360905,0.23194180787292826
0.15,64,200000,8,6.223909564380584,0.2163628739908975
0.15,96,1,8,0.6061084296061217,0.0020268934447945624
0.15,96,2,8,0.6327067939963077,0.003034821583855727
0.15,96,3,8,0.651774797274067,0.0024479731943066367
0.15,96,4,8,0.6665157258015362,0.002531424685004493
0.15,96,5,8,0.6767703263679077,0.002419370419539783
0.15,96,6,8,0.6846953564740718,0.0027253126293492573
0.15,96,7,8,0.6929437358792584,0.002490021174889063
0.15,96,8,8,0.6997721212200092,0.0020142046871311553
0.15,96,10,8,0.713767207937617,0.002495997327321492
0.15,96,12,8,0.7224732106783358,0.0019585943897039546
0.15,96,15,8,0.7347951779914222,0.0036205000393720985
0.15,96,18,8,0.7475465119057579,0.0030345839033252666
0.15,96,22,8,0.7653389954062866,0.0027478291541815046
0.15,96,27,8,0.7836851696194598,0.0024454441107208107
0.15,96,33,8,0.7966169908501315,0.0038251801770409757
0.15,96,40,8,0.8175921458447919,0.0034978852927797853
0.15,96,48,8,0.8355270781710701,0.0036498839017885224
0.15,96,58,8,0.8571521067761942,0.0031712360078724115
0.15,96,71,8,0.8801985184583119,0.004054288860083565
0.15,96,86,8,0.9157069376330108,0.0040466194574859775
0.15,96,105,8,0.9341007949442146,0.004302641198181431
0.15,96,127,8,0.959037160323227,0.00708635185307073
0.15,96,154,8,0.9880483362516518,0.005671434645596703
0.15,96,187,8,1.0312867731155722,0.0072028485593682995
0.15,96,227,8,1.0617607253141086,0.009213253062167009
0.15,96,276,8,1.1114578652562224,0.010457630412963582
0.15,96,334,8,1.1500698609972044,0.009913065459196816
0.15,96,406,8,1.1861940838207057,0.011903637626154314
0.15,96,493,8,1.2629060545164843,0.008566773780154099
0.15,96,598,8,1.30447242496046,0.01768942476089854
0.15,96,726,8,1.356057246620936,0.01972915758318101
0.15,96,881,8,1.3819568693054578,0.01390143232507412
0.15,96,1069,8,1.4620842890808312,0.012733164289707543
0.15,96,1298,8,1.5483730932113293,0.013853158912548846
0.15,96,1576,8,1.6099441547518794,0.01929884934331774
0.15,96,1912,8,1.6599594598275942,0.02080703463344585
0.15,96,2321,8,1.7485910412097652,0.016163683774821403
0.15,96,2818,8,1.8387576998990505,0.014397933632594851
0.15,96,3420,8,1.8942091077725238,0.012028944603334667
0.15,96,4151,8,2.0151409047663313,0.02500235063521728
0.15,96,5039,8,2.0509230313280913,0.016907293081000266
0.15,96,6116,8,2.1307776951376183,0.0332841475912679
0.15,96,7423,8,2.238300769090157,0.04142565119188854
0.15,96,9010,8,2.2852919910114324,0.03606766195682596
0.15,96,10937,8,2.3856479509513453,0.04016980015492124
0.15,96,13275,8,2.512218493664037,0.026028593909998027
0.15,96,16113,8,2.6444098049448344,0.04808403985624112
0.15,96,19557,8,2.8445987793047727,0.025392937639324827
0.15,96,23739,8,3.073580427978605,0.0424362723687675
0.15,96,28814,8,3.2173040854997974,0.06197468662707094
0.15,96,34974,8,3.42505089346099,0.06449089461257088
0.15,96,42451,8,3.6113699796973613,0.08724374089136555
0.15,96,51526,8,3.756679277159872,0.08787110832655869
0.15,96,62542,8,3.9368111091347644,0.04982192047841833
0.15,96,75913,8,4.19822627346829,0.08535381699777579
0.15,96,92142,8,4.510024579795374,0.09377837500103063
0.15,96,111841,8,4.840895242139402,0.14017734167966353
0.15,96,135751,8,5.00147180998568,0.09268641976061695
0.15,96,164773,8,5.315402218693579,0.10552306159403815
0.15,96,200000,8,5.568001703542677,0.08786864978744025
0.15,128,1,8,0.6038150555677754,0.0016804634831515978
0.15,128,2,8,0.6290686610015834,0.001144888825755723
0.15,128,3,8,0.6463320355811326,0.001694943816446747
0.15,128,4,8,0.6609231192963303,0.002087154136275
0.15,128,5,8,0.6724577584538837,0.0018765755937245332
0.15,128,6,8,0.6803049599415703,0.0016533582864227923
0.15,128,7,8,0.6876074826065466,0.0014366240510947368
0.15,128,8,8,0.6942121264113895,0.0012477353627571052
0.15,128,10,8,0.7078211742001805,0.0018040638164857372
0.15,128,12,8,0.7171085981581217,0.0015278118744437312
0.15,128,15,8,0.7328033971974961,0.0010090219800923611
0.15,128,18,8,0.7460266910269701,0.0007799359912505715
0.15,128,22,8,0.763865836436224,0.0021374919941729307
0.15,128,27,8,0.7797981164900245,0.0023274780781704723
0.15,128,33,8,0.7986966466475344,0.0013886260811846916
0.15,128,40,8,0.8198904393233711,0.002604840094578748
0.15,128,48,8,0.8380646153882987,0.0021649604573169144
0.15,128,58,8,0.8584564076606707,0.002169919558639083
0.15,128,71,8,0.8806506951246444,0.0026497148011511134
0.15,128,86,8,0.9072361344323645,0.004127472781917726
0.15,128,105,8,0.9377516283266473,0.0035885878947413147
0.15,128,127,8,0.9711554446152855,0.0028935896562896487
0.15,128,154,8,1.0060054187235565,0.0055805414105494335
0.15,128,187,8,1.0479642689689035,0.006465060103482648
0.15,128,227,8,1.0789975595437549,0.007952424181612726
0.15,128,276,8,1.1325320820871498,0.007689469816731397
0.15,128,334,8,1.1760757417933074,0.010532600045767209
0.15,128,406,8,1.2338710524421599,0.007317387296887746
0.15,128,493,8,1.2689677311983545,0.009263476640316685
0.15,128,598,8,1.3132404157266522,0.010455382393409292
0.15,128,726,8,1.3741913287271847,0.010965815723656775
0.15,128,881,8,1.42129671845544,0.010922982037464255
0.15,128,1069,8,1.4750425869166868,0.0075669178523563845
0.15,128,1298,8,1.5359386903291496,0.012403285093041895
0.15,128,1576,8,1.5770372264859993,0.01297370641970838
0.15,128,1912,8,1.6443109450856688,0.013816682963092573
0.15,128,2321,8,1.7109726424724505,0.015922665283206763
0.15,128,2818,8,1.7924946035861609,0.021067248215845873
0.15,128,3420,8,1.8722387223311483,0.016290562382272812
0.15,128,4151,8,1.971523206817872,0.03002081337856466
0.15,128,5039,8,2.0513342255504377,0.030325277382007045
0.15,128,6116,8,2.160525891772279,0.027079741055943386
0.15,128,7423,8,2.220781969871984,0.03246479403832954
0.15,128,9010,8,2.377727008776493,0.0321616729980364
0.15,128,10937,8,2.498847197690396,0.03973777969567245
0.15,128,13275,8,2.6283195951224467,0.03330258718389376
0.15,128,16113,8,2.766906997541992,0.038014514201421705
0.15,128,19557,8,2.8944460168924273,0.02165877081571498
0.15,128,23739,8,3.0502341799118153,0.04835498393955521
0.15,128,28814,8,3.269918546205156,0.05609496975877523
0.15,128,34974,8,3.3984894933797043,0.06520910197649325
0.15,128,42451,8,3.5467844040974095,0.05272051513148785
0.15,128,51526,8,3.7577438752813253,0.05480873366215674
0.15,128,62542,8,3.997024442211378,0.08143214400492411
0.15,128,75913,8,4.254129985167665,0.07476354379063305
0.15,128,92142,8,4.489609020289945,0.0605919787466322
0.15,128,111841,8,4.7583086612433245,0.08556216195000704
0.15,128,135751,8,5.0909129469873395,0.11075266636525033
0.15,128,164773,8,5.370206632543768,0.11169447471645999
0.15,128,200000,8,5.688746204055685,0.08354576772334268
