composition,L,sweep,n_replicas,resolved_all,resolved_x,resolved_y,mean_length_x,mean_length_y,mean_length,standard_error,length_over_L
0.5,32,1,16,True,16,16,0.6653623549081521,0.6773051672264259,0.6713337610672889,0.006742508781668891,0.02097918003335278
0.5,32,2,16,True,16,16,0.7071176962414842,0.7137935796451715,0.7104556379433279,0.006167229651663124,0.022201738685728997
0.5,32,3,16,True,16,16,0.7310308669626802,0.7386381632900441,0.734834515126362,0.006549861272623159,0.022963578597698812
0.5,32,4,16,True,16,16,0.7597097154485162,0.7498870141512697,0.754798364799893,0.007081384975275336,0.023587448899996658
0.5,32,5,16,True,16,16,0.7695282952326695,0.769048758905549,0.7692885270691093,0.0066348710398294805,0.024040266470909667
0.5,32,6,16,True,16,16,0.7909410012674516,0.7885156515397893,0.7897283264036205,0.006830803200199333,0.02467901020011314
0.5,32,7,16,True,16,16,0.8084740415486824,0.8094744726652662,0.8089742571069742,0.00742286877130754,0.025280445534592945
0.5,32,8,16,True,16,16,0.825570463837531,0.8137969457537237,0.8196837047956274,0.007062009512091615,0.025615115774863355
0.5,32,10,16,True,16,16,0.8481356922248657,0.8490487124731916,0.8485922023490288,0.00793979587012967,0.02651850632340715
0.5,32,12,16,True,16,16,0.8631557284992237,0.8672552103056133,0.8652054694024185,0.006176242206411426,0.027037670918825578
0.5,32,14,16,True,16,16,0.8798263401325033,0.878659518557514,0.8792429293450086,0.007602327090830816,0.027476341542031518
0.5,32,16,16,True,16,16,0.8928510265032138,0.8993923056281543,0.896121666065684,0.007373005770957686,0.028003802064552625
0.5,32,20,16,True,16,16,0.9072044873545757,0.9245918059747547,0.9158981466646652,0.008426810198939896,0.028621817083270787
0.5,32,23,16,True,16,16,0.923822193885971,0.9418907818323625,0.9328564878591669,0.00769772719311442,0.029151765245598964
0.5,32,28,16,True,16,16,0.948717347248491,0.9816867994345952,0.9652020733415432,0.00706773157692486,0.030162564791923224
0.5,32,33,16,True,16,16,0.9688124598641084,1.00252477512407,0.9856686174940892,0.009762429581111755,0.030802144296690287
0.5,32,39,16,True,16,16,0.9915247558040685,1.0190266696303105,1.0052757127171896,0.009346809392634272,0.031414866022412176
0.5,32,47,16,True,16,16,1.0097686197942572,1.0525971252347204,1.031182872514489,0.012168372475409705,0.03222446476607778
0.5,32,56,16,True,16,16,1.0362153136218728,1.071391063072249,1.0538031883470609,0.015020280129147471,0.03293134963584565
0.5,32,66,16,True,16,16,1.064223414094152,1.1194207329444505,1.0918220735193014,0.01483596817740797,0.03411943979747817
0.5,32,79,16,True,16,16,1.126848899432658,1.1498895426547735,1.1383692210437157,0.013241174151631707,0.03557403815761612
0.5,32,94,16,True,16,16,1.1631458677736493,1.178697923510372,1.1709218956420107,0.013274627122894673,0.03659130923881283
0.5,32,112,16,True,16,16,1.1789084435771084,1.1905075111773578,1.184707977377233,0.013200699498734994,0.037022124293038534
0.5,32,134,16,True,16,16,1.2243630688940625,1.2282816681817263,1.2263223685378946,0.014354014647157609,0.038322574016809205
0.5,32,159,16,True,16,16,1.2723234405229324,1.2593586297156096,1.265841035119271,0.01618255851841554,0.03955753234747722
0.5,32,190,16,True,16,16,1.3215330965335275,1.2852910240630824,1.303412060298305,0.018935379786298816,0.04073162688432203
0.5,32,226,16,True,16,16,1.3788103684113957,1.3265322094873322,1.3526712889493642,0.017502905042302386,0.04227097777966763
0.5,32,269,16,True,16,16,1.419900745499338,1.3792792636466098,1.3995900045729737,0.02101293756352217,0.04373718764290543
0.5,32,321,16,True,16,16,1.4788113057639052,1.421720745089647,1.4502660254267763,0.019474546027389985,0.04532081329458676
0.5,32,382,16,True,16,16,1.4828666638055346,1.445481289376846,1.4641739765911903,0.020172448828187285,0.0457554367684747
0.5,32,455,16,True,16,16,1.5332602394650743,1.5096265890172238,1.521443414241149,0.012353642345238851,0.04754510669503591
0.5,32,542,16,True,16,16,1.570417453978622,1.5440520714376926,1.557234762708157,0.02180758240710533,0.04866358633462991
0.5,32,646,16,True,16,16,1.6482944871990333,1.6217910264574313,1.6350427568282324,0.016352340325282946,0.05109508615088226
0.5,32,769,16,True,16,16,1.6416729654138575,1.688531530319484,1.6651022478666708,0.014077506992808032,0.05203444524583346
0.5,32,916,16,True,16,16,1.7019875222918608,1.7853493040231285,1.7436684131574949,0.02413193927874746,0.054489637911171715
0.5,32,1091,16,True,16,16,1.7321476895063328,1.8086710328215614,1.770409361163947,0.022559195827392586,0.05532529253637335
0.5,32,1300,16,True,16,16,1.8101681178251812,1.9000421246558186,1.8551051212404999,0.028504829245264048,0.05797203503876562
0.5,32,1548,16,True,16,16,1.9041861786255097,1.9073204571964073,1.9057533179109587,0.030060340049755708,0.05955479118471746
0.5,32,1844,16,True,16,16,1.8844454143683536,2.009143818285219,1.946794616326786,0.0335410210942478,0.06083733176021206
0.5,32,2197,16,True,16,16,1.9702325233376412,2.158583312703635,2.0644079180206383,0.032557886113099926,0.06451274743814495
0.5,32,2617,16,True,16,16,2.060584096396338,2.256417168040585,2.1585006322184617,0.0433996606278726,0.06745314475682693
0.5,32,3117,16,True,16,16,2.160135731858461,2.300918910526544,2.2305273211925023,0.04619309732576594,0.0697039787872657
0.5,32,3712,16,True,16,16,2.3186576914396753,2.4690086053818376,2.393833148410756,0.05814649900929031,0.07480728588783613
0.5,32,4421,16,True,16,16,2.4047232009939803,2.574122988352248,2.489423094673114,0.07041161514125731,0.07779447170853482
0.5,32,5266,16,True,16,16,2.619622171569322,2.6512130078011946,2.6354175896852583,0.06188739441316097,0.08235679967766432
0.5,32,6273,16,True,16,16,2.8085154573064197,2.6925202084262843,2.7505178328663513,0.0689337263836812,0.08595368227707348
0.5,32,7472,16,True,16,16,2.9284775481973697,2.7321926912643244,2.8303351197308477,0.08205762071061971,0.08844797249158899
0.5,32,8900,16,True,16,16,2.9643867111226263,2.9486973880940175,2.9565420496083217,0.08296116450288986,0.09239193905026005
0.5,32,10600,16,True,16,16,3.184996009976599,3.1156860832024216,3.1503410465895096,0.10233547291261312,0.09844815770592218
0.5,32,12626,16,True,16,16,3.383168811189659,3.2503308961443125,3.316749853666986,0.11415547612065644,0.10364843292709332
0.5,32,15039,16,True,16,16,3.5345571492231436,3.53009790149982,3.532327525361482,0.08680692491243315,0.11038523516754631
0.5,32,17913,16,True,16,16,3.623300316876914,3.7437390982180117,3.683519707547463,0.11192073996025409,0.11510999086085821
0.5,32,21336,16,True,16,16,3.77082786380878,3.9422440185724215,3.856535941190601,0.13403269711305543,0.12051674816220628
0.5,32,25413,16,True,16,16,3.9070695911082796,4.096664683191957,4.001867137150119,0.15460261820113783,0.1250583480359412
0.5,32,30270,16,True,16,16,4.283491290697649,4.393574190050309,4.33853274037398,0.19409141314693903,0.13557914813668687
0.5,32,36055,16,True,16,16,4.705539676394151,4.928492322050249,4.817015999222201,0.36665800561476486,0.15053174997569377
0.5,32,42945,16,False,15,13,nan,nan,nan,nan,nan
0.5,32,51152,16,False,15,14,nan,nan,nan,nan,nan
0.5,32,60927,16,False,14,12,nan,nan,nan,nan,nan
0.5,32,72570,16,False,13,12,nan,nan,nan,nan,nan
0.5,32,86439,16,False,10,12,nan,nan,nan,nan,nan
0.5,32,102958,16,False,10,11,nan,nan,nan,nan,nan
0.5,32,122633,16,False,10,11,nan,nan,nan,nan,nan
0.5,32,146069,16,False,11,10,nan,nan,nan,nan,nan
0.5,32,173983,16,False,10,10,nan,nan,nan,nan,nan
0.5,32,207231,16,False,10,10,nan,nan,nan,nan,nan
0.5,32,246834,16,False,10,10,nan,nan,nan,nan,nan
0.5,32,294005,16,False,10,11,nan,nan,nan,nan,nan
0.5,32,350190,16,False,10,10,nan,nan,nan,nan,nan
0.5,32,417112,16,False,10,9,nan,nan,nan,nan,nan
0.5,32,496824,16,False,10,9,nan,nan,nan,nan,nan
0.5,32,591769,16,False,10,8,nan,nan,nan,nan,nan
0.5,32,704857,16,False,10,7,nan,nan,nan,nan,nan
0.5,32,839558,16,False,10,7,nan,nan,nan,nan,nan
0.5,32,1000000,16,False,10,7,nan,nan,nan,nan,nan
0.5,64,1,16,True,16,16,0.6669474056478244,0.6681414908820591,0.6675444482649416,0.0023208934889468306,0.010430382004139713
0.5,64,2,16,True,16,16,0.706239885063173,0.7078710512202079,0.7070554681416906,0.002428839861938339,0.011047741689713916
0.5,64,3,16,True,16,16,0.7317967158225676,0.7365686266607789,0.7341826712416732,0.002186748275473147,0.011471604238151144
0.5,64,4,16,True,16,16,0.7539366763150005,0.7584931658945426,0.7562149211047716,0.0026926062015092444,0.011815858142262057
0.5,64,5,16,True,16,16,0.7745215260726996,0.7743666696545404,0.7744440978636201,0.0026604445264175945,0.012100689029119064
0.5,64,6,16,True,16,16,0.7905452211013435,0.79312463714143,0.7918349291213866,0.0028992183131050266,0.012372420767521666
0.5,64,7,16,True,16,16,0.8069719748008197,0.8076195757116441,0.807295775256232,0.002996216633101199,0.012613996488378625
0.5,64,8,16,True,16,16,0.8180646466269145,0.81993936499725,0.8190020058120822,0.0028938541846025775,0.012796906340813784
0.5,64,10,16,True,16,16,0.8378670772769821,0.8465689333781188,0.8422180053275504,0.002859198853112723,0.013159656333242975
0.5,64,12,16,True,16,16,0.8508776826402497,0.8663299003628853,0.8586037915015674,0.003019634854571209,0.01341568424221199
0.5,64,14,16,True,16,16,0.8748455451419207,0.8750617403169836,0.8749536427294521,0.003992654645797623,0.013671150667647689
0.5,64,16,16,True,16,16,0.8879739527439596,0.890246681665035,0.8891103172044973,0.0042165120485113785,0.01389234870632027
0.5,64,20,16,True,16,16,0.9103585027235865,0.9144021994396612,0.9123803510816239,0.003944411079822388,0.014255942985650373
0.5,64,23,16,True,16,16,0.9276637105060311,0.9315627243980458,0.9296132174520384,0.004255394888554415,0.0145252065226881
0.5,64,28,16,True,16,16,0.9459431728807016,0.9553238029183528,0.9506334878995273,0.0049877299302592245,0.014853648248430114
0.5,64,33,16,True,16,16,0.9714649452361972,0.9769166438862998,0.9741907945612484,0.0040763651046496225,0.015221731165019506
0.5,64,39,16,True,16,16,0.9978301048753824,1.0083871893993854,1.003108647137384,0.00549737941958691,0.015673572611521625
0.5,64,47,16,True,16,16,1.02992246958281,1.0323761939811593,1.0311493317819846,0.004692573909210968,0.01611170830909351
0.5,64,56,16,True,16,16,1.0587394273541708,1.0535119806490458,1.0561257040016083,0.007433980788465979,0.01650196412502513
0.5,64,66,16,True,16,16,1.092226534718835,1.0958718134125711,1.094049174065703,0.006863154529131054,0.01709451834477661
0.5,64,79,16,True,16,16,1.1153605704328875,1.1279334170120767,1.121646993722482,0.004660188620382275,0.01752573427691378
0.5,64,94,16,True,16,16,1.145206546696289,1.1541499473483727,1.149678247022331,0.007434402618120387,0.017963722609723922
0.5,64,112,16,True,16,16,1.1820370658146915,1.184361258388492,1.1831991621015916,0.00865249710908177,0.01848748690783737
0.5,64,134,16,True,16,16,1.2221079904001464,1.2336827335785654,1.227895361989356,0.008748433342661259,0.019185865031083688
0.5,64,159,16,True,16,16,1.2483436295707087,1.2713952068159762,1.2598694181933427,0.012443622158654348,0.01968545965927098
0.5,64,190,16,True,16,16,1.287015071386406,1.3160226144810747,1.30151884293374,0.010586690927523389,0.02033623192083969
0.5,64,226,16,True,16,16,1.3207651220276282,1.361555591804968,1.341160356916298,0.009685007514977867,0.020955630576817156
0.5,64,269,16,True,16,16,1.3582881672467508,1.4006581354082028,1.379473151327477,0.008953222467350086,0.021554267989491827
0.5,64,321,16,True,16,16,1.409414887556081,1.4377819723324095,1.4235984299442452,0.008556068985453337,0.022243725467878832
0.5,64,382,16,True,16,16,1.4422853574422672,1.4843370424740554,1.463311199958161,0.006811990616977657,0.022864237499346265
0.5,64,455,16,True,16,16,1.4948376829236487,1.5145877473383924,1.5047127151310207,0.008113366978035146,0.023511136173922198
0.5,64,542,16,True,16,16,1.5461457590170955,1.5552445854318213,1.5506951722244584,0.010874619385918622,0.024229612066007163
0.5,64,646,16,True,16,16,1.5961042162395878,1.6083639963595937,1.602234106299591,0.008541140483239295,0.02503490791093111
0.5,64,769,16,True,16,16,1.6245085873732814,1.6535050964583369,1.639006841915809,0.0105290641308832,0.025609481904934516
0.5,64,916,16,True,16,16,1.6648234142408547,1.7174827943868056,1.6911531043138304,0.01166963673610907,0.0264242672549036
0.5,64,1091,16,True,16,16,1.7197344948352298,1.7741849687624587,1.7469597317988441,0.014052000148531021,0.02729624580935694
0.5,64,1300,16,True,16,16,1.8018300555760582,1.8255555828957863,1.8136928192359223,0.015438090186985219,0.028338950300561286
0.5,64,1548,16,True,16,16,1.8474381032397815,1.8945677147038213,1.8710029089718012,0.022819997877386124,0.029234420452684394
0.5,64,1844,16,True,16,16,1.9434845395455151,1.9841724359032065,1.9638284877243606,0.01859374829267775,0.030684820120693134
0.5,64,2197,16,True,16,16,2.021329085727406,2.029845111893404,2.0255870988104046,0.026713260347261607,0.03164979841891257
0.5,64,2617,16,True,16,16,2.112066247106827,2.1092807297262945,2.1106734884165603,0.027520209922283177,0.032979273256508755
0.5,64,3117,16,True,16,16,2.204279886562672,2.1796719018453405,2.191975894204006,0.020887821060010688,0.0342496233469376
0.5,64,3712,16,True,16,16,2.271513033509341,2.266100627314818,2.2688068304120796,0.017415592884440147,0.035450106725188744
0.5,64,4421,16,True,16,16,2.392126112236278,2.3632599835296872,2.3776930478829827,0.02797956883170874,0.037151453873171605
0.5,64,5266,16,True,16,16,2.4527118478876186,2.465907710122118,2.4593097790048684,0.030338267059581262,0.03842671529695107
0.5,64,6273,16,True,16,16,2.5671028441096935,2.558239842735192,2.5626713434224424,0.028085862373259392,0.04004173974097566
0.5,64,7472,16,True,16,16,2.668726729342012,2.690622077871507,2.6796744036067595,0.027827014659478844,0.04186991255635562
0.5,64,8900,16,True,16,16,2.7703361254094956,2.8945265787875694,2.832431352098532,0.034983862756316604,0.04425673987653956
0.5,64,10600,16,True,16,16,2.904246378959307,3.075267606349566,2.9897569926544367,0.025008956688760933,0.046714953010225574
0.5,64,12626,16,True,16,16,3.064581518571683,3.214851690526903,3.139716604549293,0.035616389477438996,0.0490580719460827
0.5,64,15039,16,True,16,16,3.216439785634778,3.3508471551955052,3.2836434704151416,0.04275347020282374,0.05130692922523659
0.5,64,17913,16,True,16,16,3.3463967393633904,3.50180050979708,3.424098624580236,0.048096524670565646,0.053501541009066185
0.5,64,21336,16,True,16,16,3.544798867658995,3.7250007534975964,3.634899810578295,0.06809911423879407,0.05679530954028586
0.5,64,25413,16,True,16,16,3.7657090155643034,3.903261983459238,3.8344854995117705,0.07572374232427088,0.059913835929871415
0.5,64,30270,16,True,16,16,3.8994520358847367,4.187218933229527,4.043335484557131,0.09439621246193233,0.06317711694620518
0.5,64,36055,16,True,16,16,4.048992436382279,4.4420661390938925,4.245529287738086,0.11780080017276143,0.0663363951209076
0.5,64,42945,16,True,16,16,4.265849458532798,4.785842017939334,4.5258457382360655,0.16059774546508954,0.07071633965993852
0.5,64,51152,16,True,16,16,4.561269037472046,4.999986219330107,4.780627628401077,0.17215350246759148,0.07469730669376683
0.5,64,60927,16,True,16,16,4.758705017659523,5.521553147697565,5.140129082678544,0.2584621962389642,0.08031451691685225
0.5,64,72570,16,True,16,16,4.979533884209941,5.834961934250398,5.407247909230169,0.2834041794378985,0.0844882485817214
0.5,64,86439,16,True,16,16,5.1944190821465375,7.026958134525856,6.110688608336197,0.6673570688921866,0.09547950950525308
0.5,64,102958,16,False,16,15,5.558412034749659,nan,nan,nan,nan
0.5,64,122633,16,False,16,15,5.745815869963136,nan,nan,nan,nan
0.5,64,146069,16,True,16,16,6.16492656470911,7.911078214547458,7.038002389628285,0.5072041445633105,0.10996878733794195
0.5,64,173983,16,True,16,16,6.481907896206607,8.698216165905764,7.590062031056185,0.6541483860363417,0.11859471923525289
0.5,64,207231,16,False,16,15,6.70435706961237,nan,nan,nan,nan
0.5,64,246834,16,False,16,15,6.901532512959461,nan,nan,nan,nan
0.5,64,294005,16,True,16,16,7.1769353672183795,9.023396690512257,8.100166028865319,0.33694400051550977,0.1265650942010206
0.5,64,350190,16,True,16,16,7.409619577013387,9.987951912725334,8.69878574486936,0.39941201797287934,0.13591852726358375
0.5,64,417112,16,False,16,15,7.569900527266068,nan,nan,nan,nan
0.5,64,496824,16,False,16,14,8.170929307423107,nan,nan,nan,nan
0.5,64,591769,16,False,16,12,8.298687106607359,nan,nan,nan,nan
0.5,64,704857,16,False,15,11,nan,nan,nan,nan,nan
0.5,64,839558,16,False,15,10,nan,nan,nan,nan,nan
0.5,64,1000000,16,False,15,10,nan,nan,nan,nan,nan
0.5,96,1,16,True,16,16,0.6725551202401627,0.6693431657901381,0.6709491430151505,0.0013055665357084808,0.006989053573074485
0.5,96,2,16,True,16,16,0.713467180613679,0.708061193845059,0.710764187229369,0.0014348089643936575,0.007403793616972593
0.5,96,3,16,True,16,16,0.741729068980842,0.7343118188117846,0.7380204438963132,0.001423526492779991,0.007687712957253262
0.5,96,4,16,True,16,16,0.7619894079967263,0.7592315975342905,0.7606105027655085,0.0014862556298529544,0.007923026070474046
0.5,96,5,16,True,16,16,0.7818952289011321,0.7755509290304465,0.7787230789657893,0.0017349584285329246,0.008111698739226972
0.5,96,6,16,True,16,16,0.8005860032922069,0.7915582968915684,0.7960721500918877,0.0015422251967103539,0.00829241823012383
0.5,96,7,16,True,16,16,0.8110867886523413,0.8079380315260505,0.8095124100891959,0.0016004727510957554,0.008432420938429124
0.5,96,8,16,True,16,16,0.8269508875548129,0.8184308431183307,0.8226908653365717,0.001903704749746447,0.008569696513922621
0.5,96,10,16,True,16,16,0.8481789470982289,0.8423385770821818,0.8452587620902053,0.0018890191893048518,0.008804778771772973
0.5,96,12,16,True,16,16,0.8667286930510363,0.8623584456405291,0.8645435693457828,0.0019695894574088975,0.009005662180685237
0.5,96,14,16,True,16,16,0.8822374572646681,0.881272358933318,0.881754908098993,0.0021331178816378134,0.00918494695936451
0.5,96,16,16,True,16,16,0.8963940556159093,0.8939914839109766,0.895192769763443,0.0017753415650025935,0.009324924685035865
0.5,96,20,16,True,16,16,0.9231126924001188,0.9226750801025247,0.922893886251322,0.0018971406760779474,0.009613477981784604
0.5,96,23,16,True,16,16,0.9385249685400496,0.938290461323553,0.9384077149318013,0.002356732460695363,0.00977508036387293
0.5,96,28,16,True,16,16,0.9634979821864574,0.9642045368027774,0.9638512594946174,0.0018071700124662,0.010040117286402264
0.5,96,33,16,True,16,16,0.9835789948543525,0.982406734971872,0.9829928649131121,0.002637139420203368,0.010239509009511585
0.5,96,39,16,True,16,16,1.0095284238598734,1.0072531655865176,1.0083907947231954,0.002816271941633505,0.010504070778366618
0.5,96,47,16,True,16,16,1.0402499825527807,1.0329835505789755,1.036616766565878,0.003258880394208608,0.010798091318394563
0.5,96,56,16,True,16,16,1.0693819253180992,1.063111892704344,1.0662469090112214,0.0030136533400082397,0.011106738635533556
0.5,96,66,16,True,16,16,1.099973143150239,1.0959702193141931,1.0979716812322162,0.0035637152722586872,0.011437205012835586
0.5,96,79,16,True,16,16,1.1254633920904493,1.130777888152596,1.128120640121523,0.004461926496076365,0.01175125666793253
0.5,96,94,16,True,16,16,1.1633258328337628,1.157182420994373,1.1602541269140676,0.005793341933409119,0.012085980488688204
0.5,96,112,16,True,16,16,1.1998252434100154,1.19447477833291,1.1971500108714628,0.005490246224442152,0.012470312613244404
0.5,96,134,16,True,16,16,1.2252194253158664,1.2287321933649236,1.226975809340395,0.005849933185833552,0.01278099801396245
0.5,96,159,16,True,16,16,1.2643334378991224,1.2584707807726472,1.2614021093358847,0.005955523447718241,0.013139605305582133
0.5,96,190,16,True,16,16,1.301503089809827,1.2983975281474587,1.299950308978643,0.006818274357916516,0.013541149051860865
0.5,96,226,16,True,16,16,1.3378228473298253,1.3275501698738195,1.3326865086018223,0.006050480931564803,0.013882151131268982
0.5,96,269,16,True,16,16,1.3701116055670317,1.3690691172659761,1.369590361416504,0.005977696690050423,0.014266566264755249
0.5,96,321,16,True,16,16,1.4129634767198462,1.4110663288493184,1.4120149027845823,0.005332814085904026,0.014708488570672732
0.5,96,382,16,True,16,16,1.4588238943143166,1.4551954894670096,1.4570096918906634,0.006158057715250704,0.015177184290527744
0.5,96,455,16,True,16,16,1.5057952111198911,1.5030070443285672,1.504401127724229,0.006916775177953249,0.01567084508046072
0.5,96,542,16,True,16,16,1.5521772218994316,1.546288057756004,1.5492326398277179,0.0073351232623754,0.016137839998205394
0.5,96,646,16,True,16,16,1.615236694000346,1.592874218492727,1.6040554562465363,0.008201252444072538,0.016708911002568088
0.5,96,769,16,True,16,16,1.6692442998053187,1.6414129014659877,1.6553286006356531,0.008982322293544329,0.017243006256621386
0.5,96,916,16,True,16,16,1.723209313654326,1.701065797146807,1.7121375554005662,0.011180774289505771,0.017834766202089233
0.5,96,1091,16,True,16,16,1.7969387562191537,1.7513744821146777,1.7741566191669156,0.01034892785517206,0.01848079811632204
0.5,96,1300,16,True,16,16,1.8263295611837935,1.807379482284166,1.8168545217339798,0.008502121413702738,0.018925567934728955
0.5,96,1548,16,True,16,16,1.8992677140334266,1.8787915353448423,1.8890296246891347,0.01050659376879587,0.019677391923845152
0.5,96,1844,16,True,16,16,1.954716024710315,1.9586286727329183,1.9566723487216164,0.011212908406245859,0.020382003632516837
0.5,96,2197,16,True,16,16,2.031559854183505,2.0348420112949572,2.0332009327392315,0.01192999646680003,0.021179176382700327
0.5,96,2617,16,True,16,16,2.1134564767807724,2.129223403131439,2.1213399399561057,0.010926582297109652,0.022097291041209433
0.5,96,3117,16,True,16,16,2.2032535121935832,2.2059978943894656,2.2046257032915246,0.0077596296179415405,0.02296485107595338
0.5,96,3712,16,True,16,16,2.294625791451409,2.299042893176195,2.2968343423138013,0.011304273967083795,0.02392535773243543
0.5,96,4421,16,True,16,16,2.3887412096975496,2.395400886947975,2.3920710483227627,0.01081749222780193,0.024917406753362112
0.5,96,5266,16,True,16,16,2.4627276730228482,2.498925011447639,2.480826342235244,0.014299211640839953,0.02584194106495046
0.5,96,6273,16,True,16,16,2.5570550273750268,2.6149134863096424,2.5859842568423344,0.014829230147123843,0.026937336008774317
0.5,96,7472,16,True,16,16,2.6846968042058386,2.7178421245902284,2.7012694643980333,0.02048813848494228,0.028138223587479513
0.5,96,8900,16,True,16,16,2.766562509888667,2.870124706429629,2.8183436081591484,0.01958236145809164,0.029357745918324463
0.5,96,10600,16,True,16,16,2.8766701074903356,3.006769782103132,2.9417199447967337,0.0219453712352941,0.03064291609163264
0.5,96,12626,16,True,16,16,3.0226411395872597,3.1696743092047845,3.096157724396022,0.02175840708581728,0.03225164296245856
0.5,96,15039,16,True,16,16,3.143970834803357,3.3324002093120564,3.2381855220577074,0.025504936463925272,0.03373109918810112
0.5,96,17913,16,True,16,16,3.300238492360215,3.5043371061025073,3.4022877992313614,0.04221586253081632,0.03544049790866002
0.5,96,21336,16,True,16,16,3.4523940328262013,3.731221912368407,3.591807972597304,0.03408682283968416,0.03741466638122192
0.5,96,25413,16,True,16,16,3.56290674487059,3.9101817689539615,3.736544256912277,0.037797706371402055,0.038922336009502886
0.5,96,30270,16,True,16,16,3.738684384489666,4.115563848662575,3.9271241165761217,0.04727842625985389,0.04090754288100127
0.5,96,36055,16,True,16,16,3.8843020329341678,4.2911399361691664,4.087720984551668,0.046726854938867406,0.042580426922413206
0.5,96,42945,16,True,16,16,4.085887445820749,4.56350405689796,4.3246957513593545,0.05638326923982922,0.045048914076659945
0.5,96,51152,16,True,16,16,4.259322861988705,4.830919511747664,4.545121186868186,0.06763135201437523,0.047345012363210266
0.5,96,60927,16,True,16,16,4.434815392463893,5.131822746598755,4.783319069531324,0.07374697441702575,0.04982624030761796
0.5,96,72570,16,True,16,16,4.627635485677779,5.525113971311777,5.076374728494779,0.09658124344411247,0.05287890342182061
0.5,96,86439,16,True,16,16,4.865431885572814,5.847866405471082,5.356649145521948,0.08963890170790288,0.05579842859918696
0.5,96,102958,16,True,16,16,5.130639413159358,6.203233492505964,5.666936452832661,0.11326398468757876,0.05903058805034022
0.5,96,122633,16,True,16,16,5.469254458034715,6.540869303457914,6.005061880746313,0.12317912805210349,0.06255272792444076
0.5,96,146069,16,True,16,16,5.751052790751687,6.813224628161239,6.282138709456463,0.14600435353479066,0.06543894489017149
0.5,96,173983,16,True,16,16,5.962179758478954,7.263276345900362,6.6127280521896585,0.13498375656518097,0.06888258387697561
0.5,96,207231,16,True,16,16,6.292378024456674,7.70818963974104,7.000283832098856,0.15157376055982477,0.07291962325102976
0.5,96,246834,16,True,16,16,6.729041692084622,8.06292335674539,7.395982524415007,0.1812377615512753,0.07704148462932299
0.5,96,294005,16,True,16,16,7.0171957984826765,8.457552335590464,7.737374067036569,0.18262109999576615,0.08059764653163093
0.5,96,350190,16,True,16,16,7.281172194387187,8.793257995463925,8.037215094925555,0.15405813612016928,0.0837209905721412
0.5,96,417112,16,True,16,16,7.587490175268826,9.406200998991542,8.496845587130185,0.11735308858254737,0.08850880819927276
0.5,96,496824,16,True,16,16,8.168795558403454,10.138941601886913,9.153868580145183,0.17264098054928384,0.09535279770984566
0.5,96,591769,16,True,16,16,8.703345829458119,10.874010843013899,9.788678336236009,0.20568762603225008,0.10196539933579175
0.5,96,704857,16,True,16,16,9.303872808254726,11.670061309461925,10.486967058858324,0.27696399564745916,0.10923924019644088
0.5,96,839558,16,True,16,16,10.076375716422763,12.270634933857242,11.173505325140004,0.28720109922336995,0.11639068047020838
0.5,96,1000000,16,False,16,15,10.645065095509938,nan,nan,nan,nan
0.5,128,1,16,True,16,16,0.6682110855694041,0.6691327907620714,0.6686719381657377,0.0010437056819659625,0.0052239995169198255
0.5,128,2,16,True,16,16,0.7075029219736502,0.7081079682984952,0.7078054451360727,0.000982062763452464,0.005529730040125568
0.5,128,3,16,True,16,16,0.7345594795382088,0.7351843833988307,0.7348719314685198,0.0009699377578858995,0.005741186964597811
0.5,128,4,16,True,16,16,0.7580770860639644,0.7587799285713344,0.7584285073176493,0.0013187271653026086,0.005925222713419135
0.5,128,5,16,True,16,16,0.7765156662130437,0.7761613788028554,0.7763385225079495,0.0012602427471658383,0.006065144707093356
0.5,128,6,16,True,16,16,0.7914193934467001,0.7924694200908922,0.7919444067687962,0.0014797317961321565,0.00618706567788122
0.5,128,7,16,True,16,16,0.806176947730798,0.8083758839270704,0.8072764158289341,0.0015044403627604889,0.006306846998663547
0.5,128,8,16,True,16,16,0.8199966319749421,0.8197162683722898,0.8198564501736161,0.001363017440997377,0.006405128516981376
0.5,128,10,16,True,16,16,0.8419078028089291,0.8429770979757512,0.8424424503923401,0.001536275494083359,0.006581581643690157
0.5,128,12,16,True,16,16,0.8588167900178834,0.8592728669194756,0.8590448284686794,0.0015635389936212835,0.0067112877224115575
0.5,128,14,16,True,16,16,0.8770513316801545,0.8750007890821027,0.8760260603811286,0.0016450334654923113,0.006843953596727567
0.5,128,16,16,True,16,16,0.8910806518414514,0.8908008674828447,0.8909407596621481,0.0020037990723627656,0.006960474684860532
0.5,128,20,16,True,16,16,0.9197852974526228,0.9183315646762522,0.9190584310644376,0.0018717054309725179,0.007180143992690919
0.5,128,23,16,True,16,16,0.9355684185307589,0.934418908193189,0.9349936633619738,0.002323122178019581,0.00730463799501542
0.5,128,28,16,True,16,16,0.959335191258263,0.9574252287905338,0.9583802100243982,0.0022023257204790555,0.007487345390815611
0.5,128,33,16,True,16,16,0.982874622695812,0.977169004900128,0.9800218137979699,0.002269060278987606,0.00765642042029664
0.5,128,39,16,True,16,16,1.003906894275264,0.9959403374716418,0.999923615873453,0.0025167358404614296,0.007811903249011352
0.5,128,47,16,True,16,16,1.0416937050439576,1.027286766556699,1.0344902358003283,0.003010747363608906,0.008081954967190065
0.5,128,56,16,True,16,16,1.0719785798446075,1.0592709931062325,1.06562478647542,0.0032191611443231306,0.008325193644339219
0.5,128,66,16,True,16,16,1.096094953154069,1.0916725009209305,1.0938837270374997,0.003547143214519422,0.008545966617480466
0.5,128,79,16,True,16,16,1.1290968556579575,1.1249314051824375,1.1270141304201975,0.0034051723167518476,0.008804797893907793
0.5,128,94,16,True,16,16,1.1609409925357008,1.1583217461198831,1.159631369327792,0.003851547432729996,0.009059620072873375
0.5,128,112,16,True,16,16,1.19319587594868,1.186389925020563,1.1897929004846215,0.0039038192697047314,0.009295257035036105
0.5,128,134,16,True,16,16,1.2218880024423628,1.2243929452598215,1.2231404738510923,0.0033488357002276203,0.009555784951961658
0.5,128,159,16,True,16,16,1.2589281559933814,1.26076224424324,1.259845200118311,0.003133655514583736,0.009842540625924304
0.5,128,190,16,True,16,16,1.292822391708202,1.2966972160023054,1.2947598038552535,0.0031186849411687554,0.010115310967619168
0.5,128,226,16,True,16,16,1.3330074702249988,1.3302309487575175,1.331619209491258,0.0026385640853987284,0.010403275074150453
0.5,128,269,16,True,16,16,1.374740057464721,1.37516700212847,1.3749535297965956,0.002929392370437026,0.010741824451535903
0.5,128,321,16,True,16,16,1.4076825087464542,1.4137641107810868,1.4107233097637706,0.0027647608855338496,0.011021275857529458
0.5,128,382,16,True,16,16,1.4514008898402344,1.4511362225754196,1.451268556207827,0.003286322935629157,0.011338035595373648
0.5,128,455,16,True,16,16,1.4978301841752497,1.4931026154421398,1.4954663998086948,0.0031646010382264484,0.011683331248505428
0.5,128,542,16,True,16,16,1.544474540693695,1.542246553222202,1.5433605469579483,0.004825548902780989,0.012057504273108971
0.5,128,646,16,True,16,16,1.6017198517181503,1.5887258754036508,1.5952228635609007,0.005469726726946621,0.012462678621569537
0.5,128,769,16,True,16,16,1.6470801395812866,1.641357802306385,1.644218970943836,0.004788455141596546,0.012845460710498718
0.5,128,916,16,True,16,16,1.7082985897665743,1.7018509517251355,1.705074770745855,0.005234912668287946,0.013320896646451991
0.5,128,1091,16,True,16,16,1.7574793754211502,1.7623789687431155,1.7599291720821324,0.005971029842164205,0.01374944665689166
0.5,128,1300,16,True,16,16,1.8303367796390795,1.811823873260209,1.821080326449644,0.005494056314963973,0.014227190050387844
0.5,128,1548,16,True,16,16,1.8995257813776876,1.8773060564970012,1.888415918937344,0.006015662040786312,0.014753249366698
0.5,128,1844,16,True,16,16,1.9770038155600165,1.9496260652022723,1.9633149403811443,0.009022952265952214,0.01533839797172769
0.5,128,2197,16,True,16,16,2.0482498266727305,2.0336885052601534,2.040969165966442,0.010551322422792504,0.015945071609112828
0.5,128,2617,16,True,16,16,2.1313886919256424,2.120516179944548,2.1259524359350954,0.011083774632595033,0.016609003405742933
0.5,128,3117,16,True,16,16,2.222461518891319,2.192275065350319,2.207368292120819,0.009176015600081428,0.017245064782193897
0.5,128,3712,16,True,16,16,2.319960148493636,2.2961993684216973,2.3080797584576667,0.011879968224993827,0.01803187311295052
0.5,128,4421,16,True,16,16,2.4049437159207665,2.3780770828470086,2.391510399383888,0.012736544399451542,0.018683674995186625
0.5,128,5266,16,True,16,16,2.52163591040446,2.4758669144502186,2.4987514124273393,0.01261938243801876,0.01952149540958859
0.5,128,6273,16,True,16,16,2.6215480416939494,2.5823809630512873,2.601964502372619,0.012518844590030357,0.020327847674786084
0.5,128,7472,16,True,16,16,2.721138753339516,2.6793500438191824,2.7002443985793487,0.01640212878532377,0.021095659363901162
0.5,128,8900,16,True,16,16,2.832600485092887,2.7872249624041947,2.8099127237485413,0.013550192109067152,0.02195244315428548
0.5,128,10600,16,True,16,16,2.966172419809705,2.922462636366114,2.9443175280879093,0.012656440054003768,0.02300248068818679
0.5,128,12626,16,True,16,16,3.1179197235203087,3.06445090944204,3.0911853164811744,0.014427714293573582,0.024149885285009175
0.5,128,15039,16,True,16,16,3.266562314429591,3.2148208201297503,3.2406915672796712,0.022378851207929117,0.02531790286937243
0.5,128,17913,16,True,16,16,3.442557124454278,3.35665140322545,3.3996042638398647,0.023614864867188688,0.026559408311248943
0.5,128,21336,16,True,16,16,3.6223944321645414,3.534183482673621,3.5782889574190806,0.02385906574236808,0.027955382479836567
0.5,128,25413,16,True,16,16,3.785339987248345,3.7088945076614657,3.7471172474549057,0.026591307948284588,0.02927435349574145
0.5,128,30270,16,True,16,16,3.9603712502785453,3.8497967487784175,3.905083999528481,0.022622984859558652,0.03050846874631626
0.5,128,36055,16,True,16,16,4.1491839187621835,4.022690739482244,4.085937329122213,0.027341312825115833,0.03192138538376729
0.5,128,42945,16,True,16,16,4.348418284453506,4.197606073045187,4.2730121787493465,0.029261207161018057,0.03338290764647927
0.5,128,51152,16,True,16,16,4.568528130937365,4.371914969564429,4.470221550250897,0.03589986193227114,0.03492360586133513
0.5,128,60927,16,True,16,16,4.853370816239194,4.630515537036256,4.741943176637726,0.03720730035358955,0.03704643106748223
0.5,128,72570,16,True,16,16,5.084288464004491,4.882019741514212,4.983154102759351,0.040151562824439636,0.03893089142780743
0.5,128,86439,16,True,16,16,5.4227663399959685,5.071991083932536,5.247378711964252,0.05765186455814936,0.04099514618722072
0.5,128,102958,16,True,16,16,5.658403565346933,5.410059513202146,5.534231539274539,0.07471925120054046,0.043236183900582335
0.5,128,122633,16,True,16,16,5.878443487248008,5.728572890328996,5.803508188788502,0.08227668913884151,0.04533990772491017
0.5,128,146069,16,True,16,16,6.180897390978486,6.043569586853938,6.112233488916212,0.0926470128101462,0.04775182413215791
0.5,128,173983,16,True,16,16,6.420782702718181,6.317453442222124,6.369118072470153,0.0977823032256561,0.04975873494117307
0.5,128,207231,16,True,16,16,6.794749775380724,6.755776804455166,6.7752632899179455,0.09265883084648859,0.05293174445248395
0.5,128,246834,16,True,16,16,7.277678904297004,7.161967437592338,7.2198231709446725,0.1095698860381197,0.056404868523005254
0.5,128,294005,16,True,16,16,7.7200290173355945,7.45030219107773,7.585165604206663,0.10017789793738477,0.05925910628286456
0.5,128,350190,16,True,16,16,8.196908342256714,7.844592779184956,8.020750560720835,0.12262079397198235,0.06266211375563152
0.5,128,417112,16,True,16,16,8.684671990129273,8.204317321755738,8.444494655942504,0.1536517571038161,0.06597261449955082
0.5,128,496824,16,True,16,16,9.37066466150051,8.641236896961189,9.005950779230849,0.1529204490754423,0.07035899046274101
0.5,128,591769,16,True,16,16,9.890620255664114,9.038564499533527,9.464592377598821,0.15097506524674573,0.07394212794999079
0.5,128,704857,16,True,16,16,10.511449837361111,9.343479204726698,9.927464521043904,0.2000098180313275,0.0775583165706555
0.5,128,839558,16,True,16,16,11.449800753867542,9.924801172546228,10.687300963206885,0.26554508347932115,0.08349453877505379
0.5,128,1000000,16,True,16,16,12.193361807487397,10.52643153442708,11.359896670957239,0.22479076739016626,0.08874919274185343
0.15,32,1,16,True,16,16,0.6007685400016862,0.611324123771734,0.6060463318867101,0.0050715617471704276,0.01893894787145969
0.15,32,2,16,True,16,16,0.633809154515838,0.6363727691972862,0.6350909618565621,0.005235820583803943,0.019846592558017566
0.15,32,3,16,True,16,16,0.655022226142453,0.6568061735389656,0.6559141998407094,0.005225109376628432,0.02049731874502217
0.15,32,4,16,True,16,16,0.6616480119170383,0.6651272410545702,0.6633876264858043,0.0049504871898366515,0.020730863327681384
0.15,32,5,16,True,16,16,0.6664070253147953,0.6853615463074502,0.6758842858111227,0.004327038830145546,0.021121383931597584
0.15,32,6,16,True,16,16,0.6795577666300385,0.6897889976323597,0.6846733821311991,0.004648086294467359,0.021396043191599972
0.15,32,7,16,True,16,16,0.6837659937501971,0.702384156788804,0.6930750752695005,0.0044911673021525034,0.02165859610217189
0.15,32,8,16,True,16,16,0.6917137341234538,0.708099150611467,0.6999064423674605,0.005308833904606381,0.02187207632398314
0.15,32,10,16,True,16,16,0.7128879923521747,0.7142690408636609,0.7135785166079177,0.007366195066316,0.02229932864399743
0.15,32,12,16,True,16,16,0.729727951793917,0.7289452580962157,0.7293366049450666,0.008081903004981052,0.02279176890453333
0.15,32,14,16,True,16,16,0.7436724141402167,0.7247788678040326,0.7342256409721246,0.006167853153516243,0.022944551280378894
0.15,32,16,16,True,16,16,0.7525548524591655,0.740784739635957,0.7466697960475613,0.0062782944350001655,0.023333431126486292
0.15,32,20,16,True,16,16,0.7862679480122852,0.7506997536834163,0.7684838508478508,0.007449956676101884,0.024015120338995336
0.15,32,23,16,True,16,16,0.8050302423075503,0.7699901099244439,0.787510176115997,0.007105995220690906,0.024609693003624908
0.15,32,28,16,True,16,16,0.8107170531960399,0.7981935454121728,0.8044552993041064,0.005912076668276608,0.025139228103253326
0.15,32,33,16,True,16,16,0.818633827488147,0.8085020097673693,0.8135679186277582,0.0076301147827756806,0.025423997457117445
0.15,32,39,16,True,16,16,0.8427136624696294,0.8392832527680594,0.8409984576188445,0.006889474861699956,0.02628120180058889
0.15,32,47,16,True,16,16,0.862924624315728,0.85588398977076,0.8594043070432439,0.010093266870628694,0.02685638459510137
0.15,32,56,16,True,16,16,0.8644735119898006,0.8753369043781101,0.8699052081839553,0.011344347146780105,0.027184537755748604
0.15,32,66,16,True,16,16,0.9046116384828675,0.8853185066659763,0.8949650725744218,0.01091931469316235,0.027967658517950682
0.15,32,79,16,True,16,16,0.9156008898278418,0.9240317598569838,0.9198163248424129,0.010236600355891062,0.028744260151325404
0.15,32,94,16,True,16,16,0.9304447861099148,0.9343663117668293,0.932405548938372,0.010506014791880071,0.029137673404324126
0.15,32,112,16,True,16,16,0.9646267327308448,0.9563838971171145,0.9605053149239796,0.01607417963729746,0.030015791091374363
0.15,32,134,16,True,16,16,1.0108407928984156,0.9766015541535503,0.9937211735259831,0.017261335623825598,0.031053786672686972
0.15,32,159,16,True,16,16,1.0317014104880284,1.00911514496818,1.020408277728104,0.01941053730943923,0.03188775867900325
0.15,32,190,16,True,16,16,1.082864557547267,1.0738628761978375,1.0783637168725522,0.0214933638533441,0.033698866152267255
0.15,32,226,16,True,16,16,1.0495255819474083,1.1236152321366921,1.0865704070420503,0.018074305028596173,0.03395532522006407
0.15,32,269,16,True,16,16,1.1020264905639288,1.1464805787324859,1.1242535346482072,0.019725674353714827,0.035132922957756475
0.15,32,321,16,True,16,16,1.164750679881576,1.1767106453253813,1.1707306626034788,0.023582526566383266,0.03658533320635871
0.15,32,382,16,True,16,16,1.183115278282039,1.2527199425186892,1.2179176104003644,0.025254345660642417,0.03805992532501139
0.15,32,455,16,True,16,16,1.2260139119664835,1.2695689857563717,1.2477914488614275,0.02762245081722181,0.03899348277691961
0.15,32,542,16,True,16,16,1.3316204316202958,1.3494864937261217,1.3405534626732087,0.027884785763562184,0.04189229570853777
0.15,32,646,16,True,16,16,1.3273772074545735,1.3352907940229413,1.3313340007387575,0.025126496951163202,0.04160418752308617
0.15,32,769,16,True,16,16,1.4192333578604885,1.4585392861827429,1.4388863220216157,0.023763512841702427,0.04496519756317549
0.15,32,916,16,True,16,16,1.4875133666470073,1.486651284948898,1.4870823257979526,0.03953077697176665,0.04647132268118602
0.15,32,1091,16,True,16,16,1.5287167913653699,1.4827416852003634,1.5057292382828664,0.0338953842797934,0.047054038696339576
0.15,32,1300,16,True,16,16,1.5349339426869393,1.5608073533108981,1.5478706479989186,0.03813789297061851,0.048370957749966206
0.15,32,1548,16,True,16,16,1.5576215625554335,1.6395645778272505,1.5985930701913422,0.04182716655329489,0.049956033443479445
0.15,32,1844,16,True,16,16,1.6474560703484826,1.7067727921943363,1.677114431271409,0.044563964131127995,0.05240982597723153
0.15,32,2197,16,True,16,16,1.6850307834709264,1.7276257459690594,1.7063282647199929,0.040251603117969034,0.05332275827249978
0.15,32,2617,16,True,16,16,1.7391516997689178,1.8463935198946313,1.7927726098317747,0.037866039853223905,0.05602414405724296
0.15,32,3117,16,True,16,16,1.8844443903284276,1.935037068254479,1.9097407292914532,0.047889237014665124,0.05967939779035791
0.15,32,3712,16,True,16,16,2.004756662607684,2.0575119351391575,2.031134298873421,0.056409203203776626,0.0634729468397944
0.15,32,4421,16,True,16,16,2.0345922019294624,2.230457054250061,2.1325246280897616,0.06095841502089392,0.06664139462780505
0.15,32,5266,16,True,16,16,2.146794577018479,2.0579979896978937,2.1023962833581864,0.06710264529251,0.06569988385494333
0.15,32,6273,16,True,16,16,2.1065209440694566,2.1355918356849957,2.121056389877226,0.08071310094605172,0.06628301218366331
0.15,32,7472,16,True,16,16,2.1859599701889554,2.226291400824876,2.206125685506916,0.08081515765139292,0.06894142767209112
0.15,32,8900,16,True,16,16,2.5927217089193686,2.5281520779923583,2.5604368934558637,0.15589654920695747,0.08001365292049574
0.15,32,10600,16,True,16,16,2.8075081818537155,2.6431963155832134,2.7253522487184645,0.14978046077405532,0.08516725777245202
0.15,32,12626,16,True,16,16,2.6953355752978543,2.9642714991026686,2.8298035372002612,0.1466551141298477,0.08843136053750816
0.15,32,15039,16,True,16,16,2.763884095775178,2.94302611733634,2.8534551065557583,0.13260431851041823,0.08917047207986745
0.15,32,17913,16,True,16,16,3.0065910535296645,3.207956715342574,3.1072738844361196,0.21511448640604153,0.09710230888862874
0.15,32,21336,16,True,16,16,3.15660967075819,3.356782900373042,3.2566962855656163,0.18190486209115397,0.10177175892392551
0.15,32,25413,16,True,16,16,3.248386202022374,3.4486986365337957,3.348542419278085,0.16076056230975633,0.10464195060244015
0.15,32,30270,16,True,16,16,3.5685649075122816,3.6563824736437542,3.612473690578018,0.2083160065877486,0.11288980283056306
0.15,32,36055,16,True,16,16,3.7449734298890585,3.719930131693959,3.732451780791509,0.17801478632380527,0.11663911814973466
0.15,32,42945,16,True,16,16,3.8986726456940497,3.692488071194341,3.795580358444196,0.155532842972411,0.11861188620138112
0.15,32,51152,16,True,16,16,4.235685128368539,3.907887577032151,4.071786352700345,0.11071402255366726,0.12724332352188578
0.15,32,60927,16,True,16,16,4.177463712776708,4.135145257201836,4.156304484989272,0.10115891369116965,0.12988451515591476
0.15,32,72570,16,True,16,16,3.9564388531322736,4.125150686751495,4.0407947699418845,0.08786879835878178,0.1262748365606839
0.15,32,86439,16,True,16,16,4.10949440518281,4.319106934562562,4.214300669872686,0.07509464811011658,0.13169689593352144
0.15,32,102958,16,True,16,16,3.971916605314684,4.224646509890902,4.098281557602793,0.08407130566203706,0.1280712986750873
0.15,32,122633,16,True,16,16,4.109919805333013,4.283405290041607,4.19666254768731,0.05647883824340004,0.13114570461522843
0.15,32,146069,16,True,16,16,4.199261858407976,4.08798036138124,4.1436211098946085,0.07838060137857446,0.12948815968420652
0.15,32,173983,16,True,16,16,4.1484691217189384,4.408505077279491,4.278487099499215,0.043620731307302,0.13370272185935048
0.15,32,207231,16,True,16,16,4.157227051309692,4.270482012291094,4.2138545318003935,0.06925307463162478,0.1316829541187623
0.15,32,246834,16,True,16,16,4.275973479916351,4.195875571464381,4.235924525690367,0.05622904076372428,0.13237264142782396
0.15,32,294005,16,True,16,16,4.2677706945684495,4.061210848036906,4.164490771302677,0.060631865674239664,0.13014033660320865
0.15,32,350190,16,True,16,16,4.084757426513103,3.8966748954374077,3.9907161609752553,0.09416349096805145,0.12470988003047673
0.15,32,417112,16,True,16,16,4.092297183746158,4.1550569801698956,4.123677081958026,0.05970813752089086,0.1288649088111883
0.15,32,496824,16,True,16,16,4.252704456074763,4.28291219544783,4.267808325761296,0.055419980803927064,0.1333690101800405
0.15,32,591769,16,True,16,16,4.143901931103038,4.049577154717841,4.09673954291044,0.08606278170236589,0.12802311071595124
0.15,32,704857,16,True,16,16,4.363362813977743,3.9107645521524916,4.137063683065118,0.059777836089654264,0.12928324009578493
0.15,32,839558,16,True,16,16,4.342118872033728,3.8811081411942006,4.111613506613964,0.07184881753215301,0.12848792208168638
0.15,32,1000000,16,True,16,16,4.045590945237839,4.173045307804111,4.109318126520975,0.08108488708152922,0.12841619145378047
0.15,64,1,16,True,16,16,0.6051344770163576,0.6012248070902421,0.6031796420532999,0.0018778969406008112,0.00942468190708281
0.15,64,2,16,True,16,16,0.6307697006962272,0.6284478744636739,0.6296087875799505,0.001984565868532016,0.009837637305936727
0.15,64,3,16,True,16,16,0.6484300121682103,0.6454147626428829,0.6469223874055469,0.0024678526265055354,0.01010816230321167
0.15,64,4,16,True,16,16,0.6643038760253923,0.6565090636356008,0.6604064698304964,0.0030147036208806165,0.010318851091101507
0.15,64,5,16,True,16,16,0.6710448070516781,0.6694195188334421,0.67023216294256,0.0031860625351625804,0.0104723775459775
0.15,64,6,16,True,16,16,0.6815194962679838,0.6792679747155163,0.68039373549175,0.002927122031468648,0.010631152117058593
0.15,64,7,16,True,16,16,0.6881181672245931,0.6873938749545512,0.6877560210895721,0.003245914306725329,0.010746187829524564
0.15,64,8,16,True,16,16,0.6918909454512321,0.6959889264258285,0.6939399359385302,0.0031310046471931512,0.010842811499039534
0.15,64,10,16,True,16,16,0.7030635610802345,0.7147739722580948,0.7089187666691646,0.0029663711305951013,0.011076855729205698
0.15,64,12,16,True,16,16,0.7157642388867054,0.7159047507844167,0.7158344948355612,0.004010081672146593,0.011184913981805643
0.15,64,14,16,True,16,16,0.7223707420556065,0.7344428777870378,0.7284068099213221,0.003709487232139861,0.011381356405020658
0.15,64,16,16,True,16,16,0.7359206816190305,0.7450204655776114,0.7404705735983209,0.003578500541692645,0.011569852712473764
0.15,64,20,16,True,16,16,0.7495218646291619,0.7533520094840627,0.7514369370566123,0.004227298442417282,0.011741202141509567
0.15,64,23,16,True,16,16,0.7579304643287501,0.7651995991406175,0.7615650317346838,0.0032723448919455326,0.011899453620854435
0.15,64,28,16,True,16,16,0.7766226818312199,0.7826166500706997,0.7796196659509599,0.0031889635464080303,0.012181557280483748
0.15,64,33,16,True,16,16,0.7925314983865421,0.7972853713229381,0.7949084348547404,0.0032725475592329007,0.012420444294605319
0.15,64,39,16,True,16,16,0.8195775542784183,0.8205574750649622,0.8200675146716901,0.0026967033646793422,0.012813554916745159
0.15,64,47,16,True,16,16,0.8374463109083959,0.833888873734594,0.8356675923214949,0.005441256024032058,0.013057306130023358
0.15,64,56,16,True,16,16,0.8463735424291386,0.8583272525101198,0.8523503974696293,0.004735248349220397,0.013317974960462957
0.15,64,66,16,True,16,16,0.8744176040737184,0.8927059179630925,0.8835617610184054,0.005068227016710652,0.013805652515912585
0.15,64,79,16,True,16,16,0.8902923807887816,0.9104380024143428,0.9003651916015623,0.005581725204166118,0.01406820611877441
0.15,64,94,16,True,16,16,0.928076494780009,0.9362217986395609,0.9321491467097849,0.006394881492360854,0.014564830417340389
0.15,64,112,16,True,16,16,0.9443803546295781,0.9611361097924165,0.9527582322109973,0.006436075434532878,0.014886847378296833
0.15,64,134,16,True,16,16,0.9679620220576239,0.9971626453839172,0.9825623337207706,0.00728218440883269,0.015352536464387041
0.15,64,159,16,True,16,16,0.9979204239356891,1.011179416938944,1.0045499204373167,0.009810069376507484,0.015696092506833074
0.15,64,190,16,True,16,16,1.058704871992927,1.0454205622445887,1.052062717118758,0.008574554177099259,0.016438479954980594
0.15,64,226,16,True,16,16,1.0689238543124346,1.0859245550628527,1.0774242046876434,0.008950023043520564,0.01683475319824443
0.15,64,269,16,True,16,16,1.0839416585894108,1.1219442943946816,1.1029429764920462,0.013340810293542,0.017233484007688222
0.15,64,321,16,True,16,16,1.1267715103293687,1.1706331388216018,1.148702324575485,0.010004253084782373,0.017948473821491954
0.15,64,382,16,True,16,16,1.1673680643632796,1.1876469552239282,1.1775075097936039,0.011617606957110555,0.01839855484052506
0.15,64,455,16,True,16,16,1.2317414795852737,1.2556137847274453,1.2436776321563596,0.014482135921630132,0.01943246300244312
0.15,64,542,16,True,16,16,1.2551601108324941,1.3033149124123535,1.2792375116224235,0.012158284088263806,0.019988086119100367
0.15,64,646,16,True,16,16,1.3013816008980956,1.3196238249468926,1.310502712922494,0.013044418171921602,0.02047660488941397
0.15,64,769,16,True,16,16,1.3834004869546663,1.3595837554619408,1.3714921212083038,0.013134362607983271,0.021429564393879746
0.15,64,916,16,True,16,16,1.4051300511277165,1.432502090216579,1.4188160706721475,0.01516919499230716,0.022169001104252305
0.15,64,1091,16,True,16,16,1.487147289989407,1.4694409092557081,1.4782940996225575,0.010155118185742393,0.02309834530660246
0.15,64,1300,16,True,16,16,1.5204715343449922,1.5021158904993497,1.5112937124221708,0.014446186961740678,0.02361396425659642
0.15,64,1548,16,True,16,16,1.5829024896338428,1.5605608727705214,1.5717316812021822,0.01725189844647356,0.024558307518784097
0.15,64,1844,16,True,16,16,1.6315035107018634,1.5952151952583742,1.613359352980119,0.014546438335714463,0.025208739890314358
0.15,64,2197,16,True,16,16,1.6872766853517875,1.6871382182436518,1.6872074517977198,0.01766716089130091,0.026362616434339372
0.15,64,2617,16,True,16,16,1.7342449980042152,1.7623154064118607,1.748280202208038,0.022730918728446785,0.027316878159500593
0.15,64,3117,16,True,16,16,1.8248968541851043,1.8021206530995595,1.8135087536423322,0.022979569101568197,0.02833607427566144
0.15,64,3712,16,True,16,16,1.877140984403601,1.8844009068176426,1.8807709456106219,0.02410038734377401,0.029387046025165967
0.15,64,4421,16,True,16,16,1.9555059687554528,1.9657285033576724,1.960617236056563,0.02384321272127072,0.030634644313383797
0.15,64,5266,16,True,16,16,1.9849920710448363,2.0517790495331805,2.0183855602890084,0.03149161848214397,0.031537274379515756
0.15,64,6273,16,True,16,16,2.128713728816421,2.190393365498479,2.1595535471574503,0.02960997063216029,0.03374302417433516
0.15,64,7472,16,True,16,16,2.1409017234830854,2.2854202592465827,2.213160991364834,0.043691212675157735,0.03458064049007553
0.15,64,8900,16,True,16,16,2.3457862778643177,2.3464049956385398,2.3460956367514285,0.047077927898785156,0.03665774432424107
0.15,64,10600,16,True,16,16,2.4337113810868516,2.4582001928069332,2.445955786946893,0.04426543568990404,0.038218059171045204
0.15,64,12626,16,True,16,16,2.568478557563602,2.6839042483287656,2.6261914029461844,0.043491128037360605,0.04103424067103413
0.15,64,15039,16,True,16,16,2.6938296787736915,2.845609719277498,2.769719699025595,0.05129075773082172,0.04327687029727492
0.15,64,17913,16,True,16,16,2.8853890444069332,2.9345570997233192,2.909973072065126,0.0680109803514737,0.04546832925101759
0.15,64,21336,16,True,16,16,3.09485138180758,3.110368126475452,3.102609754141517,0.0673204134368697,0.0484782774084612
0.15,64,25413,16,True,16,16,3.2260401850527725,3.2956609257383604,3.2608505553955665,0.06174163548048566,0.050950789928055726
0.15,64,30270,16,True,16,16,3.4166317152036907,3.2523161036746666,3.3344739094391787,0.057855737563700924,0.052101154834987166
0.15,64,36055,16,True,16,16,3.5946852454906693,3.535255029467258,3.5649701374789635,0.07235328269772481,0.055702658398108805
0.15,64,42945,16,True,16,16,3.8209978428025124,3.573820960942574,3.697409401872543,0.08797064794102165,0.05777202190425849
0.15,64,51152,16,True,16,16,4.088895074028121,3.803368126125056,3.9461316000765883,0.06476236598438266,0.06165830625119669
0.15,64,60927,16,True,16,16,4.268769541575921,3.909078368998628,4.088923955287274,0.09005799776694319,0.06388943680136365
0.15,64,72570,16,True,16,16,4.634775782335005,4.268216046149314,4.45149591424216,0.10237886883884874,0.06955462366003375
0.15,64,86439,16,True,16,16,4.843878466802359,4.444153748267295,4.644016107534827,0.14854285806771247,0.07256275168023167
0.15,64,102958,16,True,16,16,4.9832839729085165,4.636412195461386,4.809848084184951,0.1298735574384023,0.07515387631538986
0.15,64,122633,16,True,16,16,5.166412176078561,4.9425976064016055,5.054504891240084,0.1513693103070014,0.07897663892562631
0.15,64,146069,16,True,16,16,5.485596097973477,5.333050293799467,5.409323195886471,0.20421556664763482,0.08452067493572611
0.15,64,173983,16,True,16,16,5.887755043052431,5.777882413696307,5.832818728374369,0.2595819807816638,0.09113779263084952
0.15,64,207231,16,True,16,16,6.158685325615416,5.802440904768859,5.980563115192136,0.33142783258988917,0.09344629867487712
0.15,64,246834,16,True,16,16,6.179479604897117,6.215129259928944,6.197304432413031,0.32298635192698527,0.0968328817564536
0.15,64,294005,16,True,16,16,6.501783778420442,6.748086952491345,6.624935365455894,0.2951596216637387,0.10351461508524834
0.15,64,350190,16,True,16,16,7.2565546370408835,6.926987367874448,7.091771002457666,0.3202596149427854,0.11080892191340103
0.15,64,417112,16,True,16,16,7.7625271438930366,7.518119127784802,7.640323135838919,0.27834233690146554,0.11938004899748311
0.15,64,496824,16,True,16,16,8.468922286684233,8.004052075801178,8.236487181242707,0.24890912645954788,0.1286951122069173
0.15,64,591769,16,True,16,16,8.396910971367028,8.364166847666064,8.380538909516545,0.20845576405278818,0.13094592046119602
0.15,64,704857,16,True,16,16,8.566043464643403,8.213975031736314,8.390009248189859,0.20089882470255746,0.13109389450296655
0.15,64,839558,16,True,16,16,8.520613042965078,8.035399921500863,8.278006482232971,0.164183946449495,0.12934385128489018
0.15,64,1000000,16,True,16,16,8.323107818043638,8.390919380607125,8.357013599325382,0.1746075799955004,0.1305783374894591
0.15,96,1,16,True,16,16,0.6008996518456213,0.604045590933107,0.6024726213893641,0.001499442537226742,0.006275756472805876
0.15,96,2,16,True,16,16,0.6294078697836866,0.6332855453910079,0.6313467075873471,0.0011988807350855764,0.006576528204034866
0.15,96,3,16,True,16,16,0.6476059959539348,0.6500833888757693,0.648844692414852,0.001441254267211784,0.006758798879321375
0.15,96,4,16,True,16,16,0.6589116525654335,0.6640805115356607,0.6614960820505471,0.0017056392155399343,0.006890584188026533
0.15,96,5,16,True,16,16,0.6715552322507752,0.6727063391833392,0.6721307857170573,0.0011511767000091525,0.007001362351219347
0.15,96,6,16,True,16,16,0.6805511185798847,0.6829255614139553,0.6817383399969199,0.0013219618707723472,0.007101441041634582
0.15,96,7,16,True,16,16,0.6909168723461598,0.6914670576402567,0.6911919649932085,0.0015347539977130082,0.007199916302012588
0.15,96,8,16,True,16,16,0.6966042240095367,0.6995362859716123,0.6980702549905746,0.001450773015391407,0.007271565156151819
0.15,96,10,16,True,16,16,0.7105945458644807,0.7091408472416287,0.7098676965530547,0.0014721075498897722,0.007394455172427653
0.15,96,12,16,True,16,16,0.7234471453152589,0.720201781832785,0.7218244635740221,0.0017997138573516394,0.007519004828896063
0.15,96,14,16,True,16,16,0.7325734548328863,0.7291212908684783,0.7308473728506824,0.0017872715471829977,0.007612993467194608
0.15,96,16,16,True,16,16,0.7401162223844553,0.7411414309293493,0.7406288266569022,0.0014100046194542545,0.007714883611009398
0.15,96,20,16,True,16,16,0.7537334300255832,0.7565170942993396,0.7551252621624613,0.0018287636328046279,0.007865888147525639
0.15,96,23,16,True,16,16,0.7656542033265534,0.7670840718284752,0.7663691375775143,0.0018161204777713933,0.007983011849765775
0.15,96,28,16,True,16,16,0.7801389514923236,0.7796427971134199,0.7798908743028716,0.0027878665532857835,0.008123863273988246
0.15,96,33,16,True,16,16,0.798522833840307,0.7966469016511708,0.7975848677457389,0.003231222401391258,0.00830817570568478
0.15,96,39,16,True,16,16,0.8116212053040588,0.8161464606519905,0.8138838329780247,0.003091632382481472,0.00847795659352109
0.15,96,47,16,True,16,16,0.8356292640754774,0.8381942754190566,0.836911769747267,0.004373564786240491,0.008717830934867365
0.15,96,56,16,True,16,16,0.8549534824438865,0.8610182454497942,0.8579858639468403,0.0038787740153594288,0.008937352749446252
0.15,96,66,16,True,16,16,0.8741881166819112,0.8793547173093269,0.8767714169956191,0.004332986266593622,0.009133035593704366
0.15,96,79,16,True,16,16,0.8963072322473215,0.8951658254587789,0.8957365288530502,0.0049845134693172,0.009330588842219273
0.15,96,94,16,True,16,16,0.9197915836471036,0.9243526662671642,0.9220721249571338,0.005143916111506117,0.009604917968303477
0.15,96,112,16,True,16,16,0.9446821345804819,0.9456172506926552,0.9451496926365686,0.0025283784732324567,0.00984530929829759
0.15,96,134,16,True,16,16,0.9822914422235162,0.9686224339970658,0.9754569381102911,0.004034381797820751,0.010161009771982199
0.15,96,159,16,True,16,16,1.0061978153088245,1.0041778784422437,1.005187846875534,0.005257311902158198,0.010470706738286812
0.15,96,190,16,True,16,16,1.033460609266864,1.0418408444864466,1.0376507268766555,0.004246589710775762,0.010808861738298495
0.15,96,226,16,True,16,16,1.0771615953454101,1.0785880485772674,1.077874821961339,0.006704579511482223,0.011227862728763948
0.15,96,269,16,True,16,16,1.1231302102702596,1.122784842878842,1.1229575265745508,0.006332263424046217,0.011697474235151571
0.15,96,321,16,True,16,16,1.172813230065615,1.1700665974639723,1.1714399137647935,0.0066021210280773745,0.012202499101716599
0.15,96,382,16,True,16,16,1.208187569792944,1.1985987432347995,1.2033931565138718,0.010273383895348726,0.01253534538035283
0.15,96,455,16,True,16,16,1.2433570470772812,1.2480906416121185,1.2457238443446998,0.006282633471099018,0.01297629004525729
0.15,96,542,16,True,16,16,1.290674060637949,1.2873553954945218,1.2890147280662354,0.008760320548995289,0.013427236750689952
0.15,96,646,16,True,16,16,1.3343694884735329,1.3397401750824254,1.3370548317779791,0.00940161376570576,0.013927654497687283
0.15,96,769,16,True,16,16,1.3792907257391562,1.4029691450654382,1.3911299354022968,0.010432543901221773,0.014490936827107259
0.15,96,916,16,True,16,16,1.4348705300680775,1.4280960862978498,1.4314833081829639,0.008418883063824215,0.014911284460239206
0.15,96,1091,16,True,16,16,1.4964831724167913,1.4757253592663746,1.486104265841583,0.00677051380422888,0.015480252769183156
0.15,96,1300,16,True,16,16,1.546124745112786,1.5459422142391563,1.5460334796759712,0.007136691223553768,0.016104515413291366
0.15,96,1548,16,True,16,16,1.594349481168568,1.6015917798025971,1.5979706304855825,0.011445418886447746,0.016645527400891483
0.15,96,1844,16,True,16,16,1.6404103312917329,1.6673424963419101,1.6538764138168218,0.012412998080476287,0.017227879310591894
0.15,96,2197,16,True,16,16,1.7196672572528708,1.716757480995465,1.7182123691241682,0.014387799821716299,0.017898045511710085
0.15,96,2617,16,True,16,16,1.7687062547003949,1.7935283825949808,1.7811173186476876,0.019738151446099566,0.01855330540258008
0.15,96,3117,16,True,16,16,1.832725669379645,1.8620907059682164,1.8474081876739308,0.016100815619167295,0.019243835288270113
0.15,96,3712,16,True,16,16,1.8950650748340019,1.9372335981188753,1.9161493364764386,0.019523044139158445,0.01995988892162957
0.15,96,4421,16,True,16,16,1.9566120391778417,2.0253263807245494,1.9909692099511953,0.019468285382492352,0.020739262603658284
0.15,96,5266,16,True,16,16,2.036036613773627,2.122847351609871,2.079441982691749,0.016992164247826038,0.021660853986372384
0.15,96,6273,16,True,16,16,2.174614503395474,2.198987394578129,2.186800948986801,0.022160805083662076,0.022779176551945845
0.15,96,7472,16,True,16,16,2.2545565398571363,2.2671558192373906,2.2608561795472633,0.02279992005786939,0.023550585203617327
0.15,96,8900,16,True,16,16,2.370187110490388,2.383886650006754,2.3770368802485713,0.026427193823642538,0.02476080083592262
0.15,96,10600,16,True,16,16,2.4938670149785622,2.457700546034559,2.47578378050656,0.02626570566327048,0.025789414380276668
0.15,96,12626,16,True,16,16,2.6169397641378973,2.5840293323923165,2.600484548265107,0.035212228786782644,0.027088380711094862
0.15,96,15039,16,True,16,16,2.70779248910883,2.715539187487656,2.7116658382982424,0.043170095395573024,0.028246519148940025
0.15,96,17913,16,True,16,16,2.841523087794651,2.864146195929144,2.8528346418618975,0.038985858928028944,0.029717027519394767
0.15,96,21336,16,True,16,16,2.9011097317206116,2.9203997582604044,2.9107547449905073,0.04085381874857896,0.03032036192698445
0.15,96,25413,16,True,16,16,3.097703230185843,3.1066664535960697,3.1021848418909563,0.048366785445507564,0.032314425436364126
0.15,96,30270,16,True,16,16,3.2546081386586705,3.222902028918189,3.23875508378843,0.05215485221031223,0.03373703212279614
0.15,96,36055,16,True,16,16,3.4502646669473402,3.42840693647434,3.43933580171084,0.0603544460713866,0.035826414601154585
0.15,96,42945,16,True,16,16,3.634110760713491,3.5830006081734416,3.6085556844434667,0.06641088788585231,0.037589121712952776
0.15,96,51152,16,True,16,16,3.7131271131600885,3.8003926422058374,3.756759877682963,0.06309582694040464,0.039132915392530866
0.15,96,60927,16,True,16,16,3.990838109136507,4.014718924134499,4.0027785166355025,0.0777448214218039,0.04169560954828649
0.15,96,72570,16,True,16,16,4.184564492161456,4.170236718076984,4.177400605119219,0.06750172840728792,0.04351458963665853
0.15,96,86439,16,True,16,16,4.384336217367639,4.502699407828981,4.44351781259831,0.08929755152974987,0.0462866438812324
0.15,96,102958,16,True,16,16,4.539780731742396,4.67383444491824,4.606807588330319,0.1021386597292628,0.04798757904510748
0.15,96,122633,16,True,16,16,4.831078651759023,4.844743730028137,4.837911190893581,0.09345389935193682,0.050394908238474805
0.15,96,146069,16,True,16,16,4.976885069379973,5.177353781359452,5.0771194253697125,0.09210444197482598,0.052886660680934505
0.15,96,173983,16,True,16,16,5.326985012389514,5.434123897106763,5.380554454748137,0.10460294595396864,0.05604744223695976
0.15,96,207231,16,True,16,16,5.393832500884706,5.569939792365284,5.481886146624996,0.10453081559618897,0.057102980694010375
0.15,96,246834,16,True,16,16,5.59531981537626,5.894966779074033,5.745143297225146,0.1302674913311677,0.05984524267942861
0.15,96,294005,16,True,16,16,5.8140600547667844,6.229427170690761,6.021743612728772,0.1559839182785753,0.06272649596592471
0.15,96,350190,16,True,16,16,6.211275699867432,6.403911556616142,6.307593628241788,0.1471856070622224,0.06570410029418529
0.15,96,417112,16,True,16,16,6.537835458515722,6.795150589386326,6.666493023951023,0.1864762158112609,0.0694426356661565
0.15,96,496824,16,True,16,16,7.054123305407503,6.864194619817582,6.959158962612544,0.19181231827542114,0.07249123919388066
0.15,96,591769,16,True,16,16,7.405695629955501,7.387408175192845,7.396551902574172,0.17879718971245637,0.07704741565181429
0.15,96,704857,16,True,16,16,8.166193504833492,8.166239783453133,8.166216644143311,0.33002695632748613,0.08506475670982616
0.15,96,839558,16,True,16,16,8.738850116327427,8.7725279922969,8.755689054312164,0.3389467895896104,0.0912050943157517
0.15,96,1000000,16,True,16,16,9.577030316909484,9.62307405723526,9.600052187072373,0.38487820651832644,0.10000054361533722
0.15,128,1,16,True,16,16,0.6041661760086183,0.6028892566156091,0.6035277163121137,0.0007085765929430212,0.004715060283688388
0.15,128,2,16,True,16,16,0.6306347222932789,0.6300384881342664,0.6303366052137727,0.0006447439593433925,0.004924504728232599
0.15,128,3,16,True,16,16,0.646004862062658,0.6479593977912648,0.6469821299269615,0.0007688753460177926,0.0050545478900543865
0.15,128,4,16,True,16,16,0.6577244615941633,0.6607476747187798,0.6592360681564716,0.0011052023617892496,0.0051502817824724345
0.15,128,5,16,True,16,16,0.6688968151608647,0.6714615881332884,0.6701792016470766,0.0011327770686847826,0.005235775012867786
0.15,128,6,16,True,16,16,0.6795728697111102,0.679371048275038,0.6794719589930741,0.0013040242012656298,0.0053083746796333915
0.15,128,7,16,True,16,16,0.687746809965628,0.6881772940547444,0.6879620520101862,0.0012547650447097421,0.00537470353132958
0.15,128,8,16,True,16,16,0.6955221600022492,0.695147114565934,0.6953346372840917,0.0011203953769906704,0.005432301853781967
0.15,128,10,16,True,16,16,0.7077500273908734,0.7071528323310801,0.7074514298609768,0.0015418382065251917,0.005526964295788881
0.15,128,12,16,True,16,16,0.7196027303786932,0.7169296307256723,0.7182661805521827,0.0016857027830197051,0.0056114545355639275
0.15,128,14,16,True,16,16,0.7294461851607291,0.7290053390630413,0.7292257621118853,0.001437511694262758,0.005697076266499104
0.15,128,16,16,True,16,16,0.7385079773684203,0.7370125165189949,0.7377602469437077,0.0012133341830157301,0.005763751929247716
0.15,128,20,16,True,16,16,0.753041317130672,0.755656198028434,0.7543487575795531,0.0012879407226300758,0.005893349668590259
0.15,128,23,16,True,16,16,0.7619928014131494,0.7672736901544908,0.76463324578382,0.0009624733725848943,0.0059736972326860935
0.15,128,28,16,True,16,16,0.781849135022862,0.7830471371718639,0.7824481360973631,0.0014670847818612804,0.006112876063260649
0.15,128,33,16,True,16,16,0.7969464204582847,0.7986381505557061,0.7977922855069954,0.001610877427047201,0.006232752230523402
0.15,128,39,16,True,16,16,0.8140606259345906,0.8168904170471343,0.8154755214908624,0.0021457040788936967,0.006370902511647363
0.15,128,47,16,True,16,16,0.8344768334872846,0.8394834255836914,0.836980129535488,0.0026055240635283663,0.006538907261996
0.15,128,56,16,True,16,16,0.8550428665147234,0.8578204357713058,0.8564316511430148,0.0027346094227562842,0.006690872274554803
0.15,128,66,16,True,16,16,0.8717163579682001,0.8830943494623575,0.877405353715279,0.001792838081662755,0.006854729325900617
0.15,128,79,16,True,16,16,0.893318473754325,0.9012582570253161,0.8972883653898205,0.002605214736321135,0.0070100653546079725
0.15,128,94,16,True,16,16,0.915935098560896,0.9216257720940177,0.9187804353274571,0.0029085316904141076,0.007177972150995759
0.15,128,112,16,True,16,16,0.9396689920833937,0.9431640008290924,0.9414164964562428,0.002631165666212318,0.007354816378564397
0.15,128,134,16,True,16,16,0.9697649897949563,0.9689235089114602,0.9693442493532084,0.0032622143755198308,0.007573001948071941
0.15,128,159,16,True,16,16,0.9942487557786481,0.9928724366134348,0.9935605961960414,0.0032534080506439566,0.007762192157781574
0.15,128,190,16,True,16,16,1.030107247384109,1.0250293912423947,1.0275683193132519,0.005949517214069028,0.00802787749463478
0.15,128,226,16,True,16,16,1.074034841663869,1.0659676797569826,1.0700012607104257,0.00499474297159646,0.0083593848493002
0.15,128,269,16,True,16,16,1.1081316131669696,1.1098917333388882,1.109011673252929,0.005548664107001841,0.008664153697288507
0.15,128,321,16,True,16,16,1.1606259608916658,1.1519905391433576,1.1563082500175115,0.006332699956279341,0.009033658203261808
0.15,128,382,16,True,16,16,1.2078345857297221,1.1960257893602306,1.2019301875449764,0.005693605328424839,0.009390079590195128
0.15,128,455,16,True,16,16,1.2500370300635033,1.2305475743400376,1.2402923022017702,0.00684701266975018,0.00968978361095133
0.15,128,542,16,True,16,16,1.282361024295224,1.2712898459845978,1.2768254351399113,0.009972076745301052,0.009975198712030557
0.15,128,646,16,True,16,16,1.3327425998697247,1.3176883174832315,1.3252154586764782,0.006856590953202033,0.010353245770909986
0.15,128,769,16,True,16,16,1.3719780151500125,1.3664132118910817,1.369195613520547,0.008507411127733523,0.010696840730629273
0.15,128,916,16,True,16,16,1.4217660295513603,1.4166030656535171,1.4191845476024387,0.008633821634972654,0.011087379278144053
0.15,128,1091,16,True,16,16,1.4873243972695864,1.4831760697863139,1.4852502335279498,0.011261600226443081,0.011603517449437108
0.15,128,1300,16,True,16,16,1.531192416392063,1.5266715164822708,1.528931966437167,0.011165620538871459,0.011944780987790367
0.15,128,1548,16,True,16,16,1.606288026597778,1.5915072648485264,1.598897645723152,0.009868731570272111,0.012491387857212126
0.15,128,1844,16,True,16,16,1.6727211168795577,1.643715512460021,1.6582183146697895,0.009735277152684603,0.01295483058335773
0.15,128,2197,16,True,16,16,1.7298435471857148,1.712763815068915,1.7213036811273148,0.011788328756176827,0.013447685008807147
0.15,128,2617,16,True,16,16,1.7957071114706067,1.7724283433040022,1.7840677273873045,0.010888288634858403,0.013938029120213316
0.15,128,3117,16,True,16,16,1.8605600684311385,1.845227644190015,1.8528938563105768,0.010289999344129433,0.014475733252426381
0.15,128,3712,16,True,16,16,1.9413026816211338,1.8994692458603621,1.920385963740748,0.010361900022802396,0.015003015341724595
0.15,128,4421,16,True,16,16,2.000744373794098,2.011462479456612,2.0061034266253546,0.015297485776851092,0.015672683020510583
0.15,128,5266,16,True,16,16,2.112214514871982,2.093658233879827,2.102936374375904,0.014623325801337336,0.01642919042481175
0.15,128,6273,16,True,16,16,2.1990413836985208,2.2055209987790327,2.202281191238777,0.01808794439088609,0.017205321806552945
0.15,128,7472,16,True,16,16,2.271179106275645,2.2928404389921857,2.2820097726339155,0.024345788838293338,0.017828201348702465
0.15,128,8900,16,True,16,16,2.3900152476232845,2.373119117533726,2.381567182578505,0.023086351818696053,0.018605993613894572
0.15,128,10600,16,True,16,16,2.5007040871226907,2.4890114534795127,2.4948577703011017,0.025790147167507996,0.019491076330477357
0.15,128,12626,16,True,16,16,2.5820182769210502,2.6091390316789393,2.5955786542999952,0.018876998725315015,0.020277958236718713
0.15,128,15039,16,True,16,16,2.7121352717471288,2.776583354157656,2.744359312952392,0.023142876249345322,0.021440307132440564
0.15,128,17913,16,True,16,16,2.8506225760630883,2.867698752053692,2.85916066405839,0.027293595097948087,0.022337192687956173
0.15,128,21336,16,True,16,16,3.0133337291101707,3.0027751326228174,3.008054430866494,0.029346869618895828,0.023500425241144485
0.15,128,25413,16,True,16,16,3.1061489213763247,3.0767607294661676,3.091454825421246,0.02348015526731303,0.024151990823603486
0.15,128,30270,16,True,16,16,3.2160266723551216,3.2531641101779263,3.234595391266524,0.026783250197363655,0.02527027649426972
0.15,128,36055,16,True,16,16,3.342402026675496,3.474709159649558,3.408555593162527,0.039045759616145766,0.02662934057158224
0.15,128,42945,16,True,16,16,3.5890290926297563,3.5665742468376944,3.5778016697337254,0.03316455686036254,0.02795157554479473
0.15,128,51152,16,True,16,16,3.7946299265605368,3.7786383592821893,3.786634142921363,0.040865503384276976,0.02958307924157315
0.15,128,60927,16,True,16,16,3.9720615408879643,3.9676326421799777,3.9698470915339703,0.03194208092799968,0.031014430402609143
0.15,128,72570,16,True,16,16,4.156731029144696,4.145883691559753,4.1513073603522255,0.046250316388220816,0.03243208875275176
0.15,128,86439,16,True,16,16,4.319956617106858,4.307691443125421,4.31382403011614,0.0450891230956881,0.033701750235282345
0.15,128,102958,16,True,16,16,4.518481231405188,4.603172115195214,4.560826673300202,0.050952379402218126,0.03563145838515783
0.15,128,122633,16,True,16,16,4.713876473348185,4.78119851061804,4.7475374919831115,0.05844818251448363,0.03709013665611806
0.15,128,146069,16,True,16,16,5.021518991968216,5.014074029544597,5.0177965107564075,0.06395032358986397,0.039201535240284434
0.15,128,173983,16,True,16,16,5.468509731175811,5.26083338439248,5.3646715577841455,0.0809296336027623,0.04191149654518864
0.15,128,207231,16,True,16,16,5.608259340604357,5.520033790105392,5.564146565354875,0.09688272397309382,0.04346989504183496
0.15,128,246834,16,True,16,16,5.7694889824178315,5.798515897442854,5.784002439930344,0.10479891830175356,0.04518751906195581
0.15,128,294005,16,True,16,16,6.0500020321769625,6.13474736433374,6.092374698255352,0.13037260144644994,0.047596677330119935
0.15,128,350190,16,True,16,16,6.386664334597765,6.606312474482125,6.496488404539945,0.13465602516910086,0.05075381566046832
0.15,128,417112,16,True,16,16,6.7706312110304525,6.889729820502534,6.830180515766493,0.1454006653746138,0.053360785279425726
0.15,128,496824,16,True,16,16,7.213364066795439,7.133679267509583,7.173521667152513,0.15380516225065863,0.056043138024629006
0.15,128,591769,16,True,16,16,7.58400566013517,7.48990426618594,7.536954963160555,0.15399987547859884,0.05888246064969183
0.15,128,704857,16,True,16,16,7.8185944381937995,7.967484701054084,7.89303956962394,0.16060226781658363,0.06166437163768703
0.15,128,839558,16,True,16,16,8.601011471904716,8.141366211881547,8.371188841893133,0.2114453229000274,0.0653999128272901
0.15,128,1000000,16,True,16,16,8.872195733767287,8.412847693911145,8.642521713839217,0.23120096369653512,0.06751970088936889
