composition,L,reference_L,sweep,n_small,n_reference,resolved_small,resolved_reference,mean_small,mean_reference,difference_sites,ratio,ratio_low,ratio_high,status
0.5,32,128,1,16,16,True,True,0.6713337610672889,0.6686719381657377,0.0026618229015512584,1.0039807605936821,0.9857030641978008,1.021964255574567,resolved
0.5,32,128,2,16,16,True,True,0.7104556379433279,0.7078054451360727,0.002650192807255203,1.0037442390779372,0.9872958582467753,1.0215131959456791,resolved
0.5,32,128,3,16,16,True,True,0.734834515126362,0.7348719314685198,-3.741634215781442e-05,0.9999490845403728,0.9832274266303669,1.0188627484170232,resolved
0.5,32,128,4,16,16,True,True,0.754798364799893,0.7584285073176493,-0.003630142517756285,0.9952135995908236,0.976606878227443,1.0151817375933199,resolved
0.5,32,128,5,16,16,True,True,0.7692885270691093,0.7763385225079495,-0.0070499954388402175,0.9909189158666695,0.9748971617948485,1.0080807301388277,resolved
0.5,32,128,6,16,16,True,True,0.7897283264036205,0.7919444067687962,-0.002216080365175732,0.9972017223100071,0.9796947175859809,1.0141464943061964,resolved
0.5,32,128,7,16,16,True,True,0.8089742571069742,0.8072764158289341,0.0016978412780401797,1.0021031721536133,0.9837977439931727,1.0197549244767137,resolved
0.5,32,128,8,16,16,True,True,0.8196837047956274,0.8198564501736161,-0.00017274537798872558,0.9997892980192421,0.9831098415284645,1.0157779312902842,resolved
0.5,32,128,10,16,16,True,True,0.8485922023490288,0.8424424503923401,0.006149751956688654,1.0072999074937696,0.9888036335563402,1.0253987305289132,resolved
0.5,32,128,12,16,16,True,True,0.8652054694024185,0.8590448284686794,0.006160640933739137,1.0071715011016609,0.9934683891364681,1.0210938639402904,resolved
0.5,32,128,14,16,16,True,True,0.8792429293450086,0.8760260603811286,0.0032168689638799597,1.003672115601767,0.9864178067546684,1.020656447058862,resolved
0.5,32,128,16,16,16,True,True,0.896121666065684,0.8909407596621481,0.0051809064035358565,1.005815096399339,0.9906487699007601,1.0228594914458993,resolved
0.5,32,128,20,16,16,True,True,0.9158981466646652,0.9190584310644376,-0.0031602843997724506,0.9965613890336523,0.9801817188356222,1.0138134780867183,resolved
0.5,32,128,23,16,16,True,True,0.9328564878591669,0.9349936633619738,-0.0021371755028068984,0.9977142353081601,0.983552954984034,1.0144055476628706,resolved
0.5,32,128,28,16,16,True,True,0.9652020733415432,0.9583802100243982,0.0068218633171449605,1.0071181178886939,0.9925332627369765,1.021614565039159,resolved
0.5,32,128,33,16,16,True,True,0.9856686174940892,0.9800218137979699,0.005646803696119251,1.0057619163335108,0.9878181522188272,1.0266321241920766,resolved
0.5,32,128,39,16,16,True,True,1.0052757127171896,0.999923615873453,0.005352096843736609,1.0053525056902086,0.9883672608138875,1.0258191194483268,resolved
0.5,32,128,47,16,16,True,True,1.031182872514489,1.0344902358003283,-0.00330736328583936,0.9968029052654319,0.9735778857102345,1.0180405567818964,resolved
0.5,32,128,56,16,16,True,True,1.0538031883470609,1.06562478647542,-0.011821598128359145,0.9889064159557893,0.9625568794741923,1.014570734803934,resolved
0.5,32,128,66,16,16,True,True,1.0918220735193014,1.0938837270374997,-0.002061653518198314,0.9981152900740358,0.9738219468176552,1.023822110341909,resolved
0.5,32,128,79,16,16,True,True,1.1383692210437157,1.1270141304201975,0.01135509062351825,1.0100753755583212,0.9864980797642423,1.031413394662638,resolved
0.5,32,128,94,16,16,True,True,1.1709218956420107,1.159631369327792,0.011290526314218674,1.0097363063925766,0.9869546975053284,1.0320821413648111,resolved
0.5,32,128,112,16,16,True,True,1.184707977377233,1.1897929004846215,-0.005084923107388395,0.9957262115908431,0.9748287965960291,1.0166025026668086,resolved
0.5,32,128,134,16,16,True,True,1.2263223685378946,1.2231404738510923,0.0031818946868023,1.002601413946171,0.9785436686016624,1.0238312361047195,resolved
0.5,32,128,159,16,16,True,True,1.265841035119271,1.259845200118311,0.005995835000960126,1.0047591839064014,0.9801510387787518,1.0294220873012645,resolved
0.5,32,128,190,16,16,True,True,1.303412060298305,1.2947598038552535,0.008652256443051565,1.0066825185778001,0.9782997008503986,1.0360894516673629,resolved
0.5,32,128,226,16,16,True,True,1.3526712889493642,1.331619209491258,0.021052079458106165,1.015809384025144,0.9911510343361384,1.0374669740807247,resolved
0.5,32,128,269,16,16,True,True,1.3995900045729737,1.3749535297965956,0.024636474776378092,1.017918041768308,0.9861071459144494,1.047935910998134,resolved
0.5,32,128,321,16,16,True,True,1.4502660254267763,1.4107233097637706,0.03954271566300571,1.028030100154528,0.998335956990207,1.0524474703207225,resolved
0.5,32,128,382,16,16,True,True,1.4641739765911903,1.451268556207827,0.012905420383363397,1.0088925101616515,0.9819497975432419,1.0335738716082006,resolved
0.5,32,128,455,16,16,True,True,1.521443414241149,1.4954663998086948,0.02597701443245426,1.0173705102540433,1.0023883836778664,1.0330499223443304,resolved
0.5,32,128,542,16,16,True,True,1.557234762708157,1.5433605469579483,0.013874215750208752,1.008989614110297,0.9834545973516832,1.0336019725416223,resolved
0.5,32,128,646,16,16,True,True,1.6350427568282324,1.5952228635609007,0.03981989326733171,1.0249619624799287,1.0054776887040986,1.044242618075639,resolved
0.5,32,128,769,16,16,True,True,1.6651022478666708,1.644218970943836,0.02088327692283487,1.0127010314878238,0.9963823241259737,1.0321867636960584,resolved
0.5,32,128,916,16,16,True,True,1.7436684131574949,1.705074770745855,0.03859364241163998,1.022634574784517,0.9967471923445874,1.0498881705227325,resolved
0.5,32,128,1091,16,16,True,True,1.770409361163947,1.7599291720821324,0.010480189081814695,1.0059548925309396,0.9829364546155596,1.0307260357851002,resolved
0.5,32,128,1300,16,16,True,True,1.8551051212404999,1.821080326449644,0.03402479479085585,1.0186838517206926,0.9904025354902252,1.04700535737318,resolved
0.5,32,128,1548,16,16,True,True,1.9057533179109587,1.888415918937344,0.017337398973614748,1.0091809218508234,0.9803444775927914,1.0406479939144022,resolved
0.5,32,128,1844,16,16,True,True,1.946794616326786,1.9633149403811443,-0.016520324054358326,0.991585494657749,0.959005477432158,1.0285062847151691,resolved
0.5,32,128,2197,16,16,True,True,2.0644079180206383,2.040969165966442,0.02343875205419632,1.0114841284449771,0.9840771002900863,1.0444934771625882,resolved
0.5,32,128,2617,16,16,True,True,2.1585006322184617,2.1259524359350954,0.03254819628336625,1.015309936258781,0.9790114598146981,1.0566033875724286,resolved
0.5,32,128,3117,16,16,True,True,2.2305273211925023,2.207368292120819,0.023159029071683435,1.0104916923715672,0.9735230917759546,1.050306929384528,resolved
0.5,32,128,3712,16,16,True,True,2.393833148410756,2.3080797584576667,0.08575338995308934,1.0371535644029877,0.9931513981511612,1.0860479144734045,resolved
0.5,32,128,4421,16,16,True,True,2.489423094673114,2.391510399383888,0.09791269528922619,1.0409417811080608,0.9881535907102863,1.1005041670807152,resolved
0.5,32,128,5266,16,16,True,True,2.6354175896852583,2.4987514124273393,0.13666617725791896,1.0546937868962156,1.0108335115421336,1.0988221735012502,resolved
0.5,32,128,6273,16,16,True,True,2.7505178328663513,2.601964502372619,0.14855333049373254,1.0570927583209815,1.0072736175381605,1.1080021085853677,resolved
0.5,32,128,7472,16,16,True,True,2.8303351197308477,2.7002443985793487,0.130090721151499,1.048177387654222,0.9891696177690257,1.1050636050473415,resolved
0.5,32,128,8900,16,16,True,True,2.9565420496083217,2.8099127237485413,0.1466293258597804,1.0521828755108702,0.9922808453833725,1.1083317358979212,resolved
0.5,32,128,10600,16,16,True,True,3.1503410465895096,2.9443175280879093,0.2060235185016004,1.0699732676710978,1.0027707955456648,1.1433417974145346,resolved
0.5,32,128,12626,16,16,True,True,3.316749853666986,3.0911853164811744,0.2255645371858117,1.0729702408921187,1.0058298054465085,1.1461622793979909,resolved
0.5,32,128,15039,16,16,True,True,3.532327525361482,3.2406915672796712,0.29163595808181064,1.0899918897023015,1.0350192034368435,1.13827607109092,resolved
0.5,32,128,17913,16,16,True,True,3.683519707547463,3.3996042638398647,0.28391544370759814,1.0835142627415446,1.020968752804232,1.1512730272536866,resolved
0.5,32,128,21336,16,16,True,True,3.856535941190601,3.5782889574190806,0.27824698377152046,1.0777597860549004,1.0069976071117854,1.1519603816330228,resolved
0.5,32,128,25413,16,16,True,True,4.001867137150119,3.7471172474549057,0.25474988969521295,1.0679855667362004,0.9890517348636868,1.1610282119193018,resolved
0.5,32,128,30270,16,16,True,True,4.33853274037398,3.905083999528481,0.43344874084549856,1.110996009534708,1.022532733754146,1.2129321216655773,resolved
0.5,32,128,36055,16,16,True,True,4.817015999222201,4.085937329122213,0.7310786700999872,1.1789255711019546,1.0327666015145252,1.3666914119837452,resolved
0.5,32,128,42945,16,16,False,True,nan,4.2730121787493465,nan,nan,nan,nan,unresolved
0.5,32,128,51152,16,16,False,True,nan,4.470221550250897,nan,nan,nan,nan,unresolved
0.5,32,128,60927,16,16,False,True,nan,4.741943176637726,nan,nan,nan,nan,unresolved
0.5,32,128,72570,16,16,False,True,nan,4.983154102759351,nan,nan,nan,nan,unresolved
0.5,32,128,86439,16,16,False,True,nan,5.247378711964252,nan,nan,nan,nan,unresolved
0.5,32,128,102958,16,16,False,True,nan,5.534231539274539,nan,nan,nan,nan,unresolved
0.5,32,128,122633,16,16,False,True,nan,5.803508188788502,nan,nan,nan,nan,unresolved
0.5,32,128,146069,16,16,False,True,nan,6.112233488916212,nan,nan,nan,nan,unresolved
0.5,32,128,173983,16,16,False,True,nan,6.369118072470153,nan,nan,nan,nan,unresolved
0.5,32,128,207231,16,16,False,True,nan,6.7752632899179455,nan,nan,nan,nan,unresolved
0.5,32,128,246834,16,16,False,True,nan,7.2198231709446725,nan,nan,nan,nan,unresolved
0.5,32,128,294005,16,16,False,True,nan,7.585165604206663,nan,nan,nan,nan,unresolved
0.5,32,128,350190,16,16,False,True,nan,8.020750560720835,nan,nan,nan,nan,unresolved
0.5,32,128,417112,16,16,False,True,nan,8.444494655942504,nan,nan,nan,nan,unresolved
0.5,32,128,496824,16,16,False,True,nan,9.005950779230849,nan,nan,nan,nan,unresolved
0.5,32,128,591769,16,16,False,True,nan,9.464592377598821,nan,nan,nan,nan,unresolved
0.5,32,128,704857,16,16,False,True,nan,9.927464521043904,nan,nan,nan,nan,unresolved
0.5,32,128,839558,16,16,False,True,nan,10.687300963206885,nan,nan,nan,nan,unresolved
0.5,32,128,1000000,16,16,False,True,nan,11.359896670957239,nan,nan,nan,nan,unresolved
0.5,64,128,1,16,16,True,True,0.6675444482649416,0.6686719381657377,-0.0011274899007960304,0.9983138369708038,0.9913365133730873,1.0056073139650665,resolved
0.5,64,128,2,16,16,True,True,0.7070554681416906,0.7078054451360727,-0.0007499769943820622,0.9989404192924259,0.9928235814599761,1.0064195406905074,resolved
0.5,64,128,3,16,16,True,True,0.7341826712416732,0.7348719314685198,-0.0006892602268465664,0.9990620675558132,0.992937408917356,1.0048440003068984,resolved
0.5,64,128,4,16,16,True,True,0.7562149211047716,0.7584285073176493,-0.002213586212877705,0.9970813515162997,0.9899990953142092,1.0047610026974718,resolved
0.5,64,128,5,16,16,True,True,0.7744440978636201,0.7763385225079495,-0.0018944246443294288,0.9975597956440323,0.9903669737773904,1.0042953200800437,resolved
0.5,64,128,6,16,16,True,True,0.7918349291213866,0.7919444067687962,-0.00010947764740953936,0.9998617609437306,0.992507083996835,1.007943721964169,resolved
0.5,64,128,7,16,16,True,True,0.807295775256232,0.8072764158289341,1.9359427297915843e-05,1.00002398116298,0.9928023156335879,1.0079216596835563,resolved
0.5,64,128,8,16,16,True,True,0.8190020058120822,0.8198564501736161,-0.0008544443615339237,0.9989578122348699,0.9915864859485737,1.0055399030217322,resolved
0.5,64,128,10,16,16,True,True,0.8422180053275504,0.8424424503923401,-0.00022444506478969117,0.9997335781634874,0.9925563373470518,1.0068683359996053,resolved
0.5,64,128,12,16,16,True,True,0.8586037915015674,0.8590448284686794,-0.00044103696711195184,0.9994865960977867,0.9924164173915111,1.0059236205410749,resolved
0.5,64,128,14,16,16,True,True,0.8749536427294521,0.8760260603811286,-0.0010724176516765382,0.9987758153550707,0.9900029914327035,1.0070843030154444,resolved
0.5,64,128,16,16,16,True,True,0.8891103172044973,0.8909407596621481,-0.0018304424576508493,0.997945494761801,0.988528314438631,1.0066243545045432,resolved
0.5,64,128,20,16,16,True,True,0.9123803510816239,0.9190584310644376,-0.006678079982813778,0.9927337808379829,0.9837092938383539,1.0009447799520779,resolved
0.5,64,128,23,16,16,True,True,0.9296132174520384,0.9349936633619738,-0.005380445909935361,0.994245473396484,0.9847638519882321,1.0031442040346374,resolved
0.5,64,128,28,16,16,True,True,0.9506334878995273,0.9583802100243982,-0.007746722124870931,0.9919168592549781,0.9811115743718886,1.0023027356849752,resolved
0.5,64,128,33,16,16,True,True,0.9741907945612484,0.9800218137979699,-0.00583101923672158,0.9940501128090975,0.9852605490314599,1.0021297235213367,resolved
0.5,64,128,39,16,16,True,True,1.003108647137384,0.999923615873453,0.003185031263930993,1.0031852745683467,0.9923573331047848,1.0141552482760596,resolved
0.5,64,128,47,16,16,True,True,1.0311493317819846,1.0344902358003283,-0.003340904018343638,0.9967704827916921,0.9870467635854749,1.0066047227247985,resolved
0.5,64,128,56,16,16,True,True,1.0561257040016083,1.06562478647542,-0.009499082473811704,0.9910859032237509,0.9761504201912743,1.0056154192812976,resolved
0.5,64,128,66,16,16,True,True,1.094049174065703,1.0938837270374997,0.0001654470282033138,1.000151247362141,0.9871167899658257,1.0122313975067936,resolved
0.5,64,128,79,16,16,True,True,1.121646993722482,1.1270141304201975,-0.005367136697715491,0.995237737883806,0.9859357827510864,1.0045773463120964,resolved
0.5,64,128,94,16,16,True,True,1.149678247022331,1.159631369327792,-0.00995312230546097,0.9914169945995592,0.9784146922428807,1.0039693240860181,resolved
0.5,64,128,112,16,16,True,True,1.1831991621015916,1.1897929004846215,-0.006593738383029901,0.9944580788973071,0.9798436754486253,1.0077669366323696,resolved
0.5,64,128,134,16,16,True,True,1.227895361989356,1.2231404738510923,0.0047548881382637465,1.0038874423992306,0.9893473830700871,1.0168811683532715,resolved
0.5,64,128,159,16,16,True,True,1.2598694181933427,1.259845200118311,2.4218075031834374e-05,1.0000192230561578,0.9805331351484835,1.0206172732753644,resolved
0.5,64,128,190,16,16,True,True,1.30151884293374,1.2947598038552535,0.006759039078486628,1.0052203034557923,0.9887566584986653,1.0207138998702754,resolved
0.5,64,128,226,16,16,True,True,1.341160356916298,1.331619209491258,0.009541147425039975,1.0071650719342544,0.9941675066002805,1.0208566438715108,resolved
0.5,64,128,269,16,16,True,True,1.379473151327477,1.3749535297965956,0.004519621530881368,1.0032871085698074,0.9917065532397232,1.0154891845671983,resolved
0.5,64,128,321,16,16,True,True,1.4235984299442452,1.4107233097637706,0.012875120180474653,1.0091266090886601,0.9979100260950986,1.0215060215125422,resolved
0.5,64,128,382,16,16,True,True,1.463311199958161,1.451268556207827,0.012042643750334037,1.008298011900569,0.998581519354209,1.0187973761459745,resolved
0.5,64,128,455,16,16,True,True,1.5047127151310207,1.4954663998086948,0.009246315322325893,1.0061828974047886,0.9957507049311328,1.0165264765865447,resolved
0.5,64,128,542,16,16,True,True,1.5506951722244584,1.5433605469579483,0.007334625266510075,1.0047523731774581,0.9898622275655795,1.018229883853321,resolved
0.5,64,128,646,16,16,True,True,1.602234106299591,1.5952228635609007,0.00701124273869036,1.0043951493542662,0.9904196563763363,1.016454394234886,resolved
0.5,64,128,769,16,16,True,True,1.639006841915809,1.644218970943836,-0.005212129028026924,0.9968300274354365,0.983703731613978,1.0086307416608316,resolved
0.5,64,128,916,16,16,True,True,1.6911531043138304,1.705074770745855,-0.013921666432024526,0.9918351578060505,0.9785620014791379,1.0044837933957431,resolved
0.5,64,128,1091,16,16,True,True,1.7469597317988441,1.7599291720821324,-0.01296944028328828,0.9926307032754367,0.9752423792705206,1.0065575336920851,resolved
0.5,64,128,1300,16,16,True,True,1.8136928192359223,1.821080326449644,-0.007387507213721722,0.9959433380799164,0.9790389072117751,1.0107597835334354,resolved
0.5,64,128,1548,16,16,True,True,1.8710029089718012,1.888415918937344,-0.017413009965542736,0.9907790387748153,0.9682514512488759,1.0115774130286808,resolved
0.5,64,128,1844,16,16,True,True,1.9638284877243606,1.9633149403811443,0.0005135473432162918,1.0002615715556653,0.9792611609214055,1.0203532394259902,resolved
0.5,64,128,2197,16,16,True,True,2.0255870988104046,2.040969165966442,-0.015382067156037404,0.9924633515231213,0.9655136850577536,1.0167538139786594,resolved
0.5,64,128,2617,16,16,True,True,2.1106734884165603,2.1259524359350954,-0.015278947518535091,0.9928131282430057,0.9667268043520318,1.0184072372052693,resolved
0.5,64,128,3117,16,16,True,True,2.191975894204006,2.207368292120819,-0.015392397916812683,0.9930268102646234,0.9718171623354093,1.0116554889147005,resolved
0.5,64,128,3712,16,16,True,True,2.2688068304120796,2.3080797584576667,-0.03927292804558702,0.9829845879884885,0.9658814805216266,0.9986017981882837,resolved
0.5,64,128,4421,16,16,True,True,2.3776930478829827,2.391510399383888,-0.01381735150090524,0.994222332671242,0.9695124440564642,1.0199272926481922,resolved
0.5,64,128,5266,16,16,True,True,2.4593097790048684,2.4987514124273393,-0.03944163342247098,0.9842154632804563,0.9578795491192758,1.0076128133565967,resolved
0.5,64,128,6273,16,16,True,True,2.5626713434224424,2.601964502372619,-0.03929315895017638,0.9848986567978362,0.9651150052511983,1.0063213011077765,resolved
0.5,64,128,7472,16,16,True,True,2.6796744036067595,2.7002443985793487,-0.020569994972589267,0.9923821728939012,0.9712599861687894,1.0150583337475199,resolved
0.5,64,128,8900,16,16,True,True,2.832431352098532,2.8099127237485413,0.02251862834999052,1.008013995651776,0.9848599559381978,1.0365561412532343,resolved
0.5,64,128,10600,16,16,True,True,2.9897569926544367,2.9443175280879093,0.04543946456652748,1.0154329362010206,0.9979984619416369,1.0366775547114022,resolved
0.5,64,128,12626,16,16,True,True,3.139716604549293,3.0911853164811744,0.04853128806811835,1.0156998960267332,0.9941013373154912,1.0405766593181647,resolved
0.5,64,128,15039,16,16,True,True,3.2836434704151416,3.2406915672796712,0.04295190313547037,1.0132539312192321,0.9873350642887253,1.042911481967699,resolved
0.5,64,128,17913,16,16,True,True,3.424098624580236,3.3996042638398647,0.024494360740371146,1.0072050623659075,0.9809547791848398,1.0396679688698671,resolved
0.5,64,128,21336,16,16,True,True,3.634899810578295,3.5782889574190806,0.056610853159214436,1.0158206488723722,0.9852834795554319,1.0605243088362557,resolved
0.5,64,128,25413,16,16,True,True,3.8344854995117705,3.7471172474549057,0.08736825205686483,1.0233161244463878,0.9869894944292166,1.0752606747808124,resolved
0.5,64,128,30270,16,16,True,True,4.043335484557131,3.905083999528481,0.13825148502865003,1.0354029478099174,0.9975407891983548,1.0959985320085879,resolved
0.5,64,128,36055,16,16,True,True,4.245529287738086,4.085937329122213,0.15959195861587272,1.0390588366293319,0.9901982546191757,1.1081110364165532,resolved
0.5,64,128,42945,16,16,True,True,4.5258457382360655,4.2730121787493465,0.25283355948671904,1.0591698663402171,0.9967532397870815,1.151907762495929,resolved
0.5,64,128,51152,16,16,True,True,4.780627628401077,4.470221550250897,0.31040607815018006,1.0694386340052335,1.0025350525353773,1.1676164333412054,resolved
0.5,64,128,60927,16,16,True,True,5.140129082678544,4.741943176637726,0.39818590604081816,1.0839710412395014,0.9976392637851286,1.2175119891572794,resolved
0.5,64,128,72570,16,16,True,True,5.407247909230169,4.983154102759351,0.4240938064708182,1.08510549698553,1.0081616101834756,1.2344588439699882,resolved
0.5,64,128,86439,16,16,True,True,6.110688608336197,5.247378711964252,0.8633098963719448,1.1645221249999662,1.0016742651924007,1.4917822198023192,resolved
0.5,64,128,102958,16,16,False,True,nan,5.534231539274539,nan,nan,nan,nan,unresolved
0.5,64,128,122633,16,16,False,True,nan,5.803508188788502,nan,nan,nan,nan,unresolved
0.5,64,128,146069,16,16,True,True,7.038002389628285,6.112233488916212,0.9257689007120726,1.1514616387595207,1.028271023710687,1.3526093195534985,resolved
0.5,64,128,173983,16,16,True,True,7.590062031056185,6.369118072470153,1.220943958586032,1.1916974916611194,1.0453421921690755,1.4330264655500842,resolved
0.5,64,128,207231,16,16,False,True,nan,6.7752632899179455,nan,nan,nan,nan,unresolved
0.5,64,128,246834,16,16,False,True,nan,7.2198231709446725,nan,nan,nan,nan,unresolved
0.5,64,128,294005,16,16,True,True,8.100166028865319,7.585165604206663,0.5150004246586555,1.0678957390690378,0.9891970723783349,1.1601820732471881,resolved
0.5,64,128,350190,16,16,True,True,8.69878574486936,8.020750560720835,0.6780351841485253,1.0845351291023804,0.9953319255355696,1.1920070336933406,resolved
0.5,64,128,417112,16,16,False,True,nan,8.444494655942504,nan,nan,nan,nan,unresolved
0.5,64,128,496824,16,16,False,True,nan,9.005950779230849,nan,nan,nan,nan,unresolved
0.5,64,128,591769,16,16,False,True,nan,9.464592377598821,nan,nan,nan,nan,unresolved
0.5,64,128,704857,16,16,False,True,nan,9.927464521043904,nan,nan,nan,nan,unresolved
0.5,64,128,839558,16,16,False,True,nan,10.687300963206885,nan,nan,nan,nan,unresolved
0.5,64,128,1000000,16,16,False,True,nan,11.359896670957239,nan,nan,nan,nan,unresolved
0.5,96,128,1,16,16,True,True,0.6709491430151505,0.6686719381657377,0.0022772048494128505,1.0034055636545172,0.9987088812653528,1.008535761615904,resolved
0.5,96,128,2,16,16,True,True,0.710764187229369,0.7078054451360727,0.002958742093296274,1.0041801629439675,0.9992840697670665,1.0090885635135893,resolved
0.5,96,128,3,16,16,True,True,0.7380204438963132,0.7348719314685198,0.0031485124277933485,1.0042844369106623,0.9997951709889368,1.0088184347608609,resolved
0.5,96,128,4,16,16,True,True,0.7606105027655085,0.7584285073176493,0.002181995447859131,1.0028769955596424,0.9982754329761392,1.0075113741659756,resolved
0.5,96,128,5,16,16,True,True,0.7787230789657893,0.7763385225079495,0.0023845564578397482,1.0030715421027112,0.9981962122141326,1.0081712978178448,resolved
0.5,96,128,6,16,16,True,True,0.7960721500918877,0.7919444067687962,0.004127743323091515,1.005212162984941,1.0006280013897388,1.0101528643846471,resolved
0.5,96,128,7,16,16,True,True,0.8095124100891959,0.8072764158289341,0.0022359942602618865,1.0027698000541312,0.9979550495482663,1.0083130745542486,resolved
0.5,96,128,8,16,16,True,True,0.8226908653365717,0.8198564501736161,0.0028344151629555725,1.003457209078925,0.9980916946539309,1.008567317765241,resolved
0.5,96,128,10,16,16,True,True,0.8452587620902053,0.8424424503923401,0.002816311697865226,1.0033430315584806,0.9979901365349034,1.0089445734145872,resolved
0.5,96,128,12,16,16,True,True,0.8645435693457828,0.8590448284686794,0.005498740877103447,1.006400994098184,1.0008315953915154,1.0121635012711525,resolved
0.5,96,128,14,16,16,True,True,0.881754908098993,0.8760260603811286,0.005728847717864416,1.0065395859517832,1.000842340482947,1.012232686203353,resolved
0.5,96,128,16,16,16,True,True,0.895192769763443,0.8909407596621481,0.004252010101294834,1.0047724947536436,0.9994390680229557,1.0103211953435345,resolved
0.5,96,128,20,16,16,True,True,0.922893886251322,0.9190584310644376,0.003835455186884329,1.0041732441129365,0.9985749292757619,1.009779776663673,resolved
0.5,96,128,23,16,16,True,True,0.9384077149318013,0.9349936633619738,0.0034140515698275475,1.0036514167995016,0.9967797618780615,1.0104796567746885,resolved
0.5,96,128,28,16,16,True,True,0.9638512594946174,0.9583802100243982,0.005471049470219147,1.0057086419491903,1.0001243297610614,1.012138271879992,resolved
0.5,96,128,33,16,16,True,True,0.9829928649131121,0.9800218137979699,0.002971051115142176,1.0030316173306675,0.9959736140351909,1.0099868939256833,resolved
0.5,96,128,39,16,16,True,True,1.0083907947231954,0.999923615873453,0.008467178849742352,1.0084678256572088,1.0010753233811973,1.0158793303053308,resolved
0.5,96,128,47,16,16,True,True,1.036616766565878,1.0344902358003283,0.0021265307655498056,1.002055631548716,0.993687785367464,1.0099149623176364,resolved
0.5,96,128,56,16,16,True,True,1.0662469090112214,1.06562478647542,0.000622122535801406,1.000583810121252,0.9929677479523398,1.0085396568876455,resolved
0.5,96,128,66,16,16,True,True,1.0979716812322162,1.0938837270374997,0.0040879541947165254,1.0037371012052512,0.9953194311002339,1.0128686710255372,resolved
0.5,96,128,79,16,16,True,True,1.128120640121523,1.1270141304201975,0.00110650970132542,1.0009818064134768,0.9913634479163268,1.0108646483771202,resolved
0.5,96,128,94,16,16,True,True,1.1602541269140676,1.159631369327792,0.000622757586275613,1.0005370306484866,0.9892646004834146,1.011797265167793,resolved
0.5,96,128,112,16,16,True,True,1.1971500108714628,1.1897929004846215,0.007357110386841281,1.0061835218413597,0.9962221823351369,1.0167501224008062,resolved
0.5,96,128,134,16,16,True,True,1.226975809340395,1.2231404738510923,0.0038353354893028158,1.0031356459632368,0.9935048910231916,1.0128406256050733,resolved
0.5,96,128,159,16,16,True,True,1.2614021093358847,1.259845200118311,0.0015569092175737875,1.0012357940621812,0.9919782614659973,1.0108657098323937,resolved
0.5,96,128,190,16,16,True,True,1.299950308978643,1.2947598038552535,0.005190505123389588,1.0040088556255256,0.9940338275976216,1.014051470755113,resolved
0.5,96,128,226,16,16,True,True,1.3326865086018223,1.331619209491258,0.001067299110564246,1.0008015047417136,0.9928757906822646,1.010135523641149,resolved
0.5,96,128,269,16,16,True,True,1.369590361416504,1.3749535297965956,-0.005363168380091654,0.9960993820781092,0.9879182372063351,1.0062215085702662,resolved
0.5,96,128,321,16,16,True,True,1.4120149027845823,1.4107233097637706,0.001291593020811721,1.00091555375308,0.9937773837671464,1.0094178219622694,resolved
0.5,96,128,382,16,16,True,True,1.4570096918906634,1.451268556207827,0.005741135682836518,1.0039559429977853,0.995537117869741,1.014408071345365,resolved
0.5,96,128,455,16,16,True,True,1.504401127724229,1.4954663998086948,0.00893472791553429,1.0059745427357494,0.9964726536589823,1.016499964834016,resolved
0.5,96,128,542,16,16,True,True,1.5492326398277179,1.5433605469579483,0.00587209286976953,1.0038047447055347,0.993340894416419,1.0171152908100913,resolved
0.5,96,128,646,16,16,True,True,1.6040554562465363,1.5952228635609007,0.008832592685635632,1.0055369020137532,0.9943025267759809,1.0180663875529767,resolved
0.5,96,128,769,16,16,True,True,1.6553286006356531,1.644218970943836,0.011109629691817169,1.0067567823313945,0.995425136133165,1.0200982335172972,resolved
0.5,96,128,916,16,16,True,True,1.7121375554005662,1.705074770745855,0.007062784654711329,1.0041422140400458,0.9914241182828528,1.0194314777910634,resolved
0.5,96,128,1091,16,16,True,True,1.7741566191669156,1.7599291720821324,0.014227447084783185,1.0080841020823303,0.9957594632422032,1.0226329153106568,resolved
0.5,96,128,1300,16,16,True,True,1.8168545217339798,1.821080326449644,-0.00422580471566425,0.9976795066893601,0.9863858821428199,1.0078432071386634,resolved
0.5,96,128,1548,16,16,True,True,1.8890296246891347,1.888415918937344,0.0006137057517907607,1.0003249844198179,0.9885177516863561,1.0120396248774821,resolved
0.5,96,128,1844,16,16,True,True,1.9566723487216164,1.9633149403811443,-0.006642591659527852,0.9966166448780559,0.9842738148963709,1.0103355692452316,resolved
0.5,96,128,2197,16,16,True,True,2.0332009327392315,2.040969165966442,-0.00776823322721043,0.9961938507662207,0.9830797816115859,1.0108733185985235,resolved
0.5,96,128,2617,16,16,True,True,2.1213399399561057,2.1259524359350954,-0.004612495978989717,0.9978303860890656,0.9840425102258185,1.0115095285971556,resolved
0.5,96,128,3117,16,16,True,True,2.2046257032915246,2.207368292120819,-0.0027425888292942346,0.998757530023837,0.9876724296443169,1.0091176752893398,resolved
0.5,96,128,3712,16,16,True,True,2.2968343423138013,2.3080797584576667,-0.011245416143865317,0.9951278043565618,0.980740055353019,1.0085058587773177,resolved
0.5,96,128,4421,16,16,True,True,2.3920710483227627,2.391510399383888,0.0005606489388747526,1.0002344329922292,0.9880805603974602,1.0138180518309006,resolved
0.5,96,128,5266,16,16,True,True,2.480826342235244,2.4987514124273393,-0.017925070192095216,0.9928263891706288,0.9787068641282087,1.0068045328656527,resolved
0.5,96,128,6273,16,16,True,True,2.5859842568423344,2.601964502372619,-0.01598024553028443,0.9938583921818639,0.9792582261822763,1.0086885837789117,resolved
0.5,96,128,7472,16,16,True,True,2.7012694643980333,2.7002443985793487,0.0010250658186845563,1.000379619644512,0.9823423051517346,1.0196244026946777,resolved
0.5,96,128,8900,16,16,True,True,2.8183436081591484,2.8099127237485413,0.008430884410607131,1.0030004079270334,0.9877548402655335,1.019774050082003,resolved
0.5,96,128,10600,16,16,True,True,2.9417199447967337,2.9443175280879093,-0.0025975832911755425,0.9991177638734968,0.9832301830763388,1.0174505451070173,resolved
0.5,96,128,12626,16,16,True,True,3.096157724396022,3.0911853164811744,0.004972407914847654,1.001608576453937,0.9866490595397783,1.017451196052726,resolved
0.5,96,128,15039,16,16,True,True,3.2381855220577074,3.2406915672796712,-0.0025060452219638485,0.9992266943120207,0.9800590947189668,1.020775077294043,resolved
0.5,96,128,17913,16,16,True,True,3.4022877992313614,3.3996042638398647,0.002683535391496683,1.0007893669919292,0.9757363799281641,1.0309002486452192,resolved
0.5,96,128,21336,16,16,True,True,3.591807972597304,3.5782889574190806,0.013519015178223626,1.0037780669306189,0.9815601962073507,1.026476449818845,resolved
0.5,96,128,25413,16,16,True,True,3.736544256912277,3.7471172474549057,-0.010572990542628613,0.9971783667698656,0.9710555617277542,1.0217390388715037,resolved
0.5,96,128,30270,16,16,True,True,3.9271241165761217,3.905083999528481,0.02204011704764053,1.0056439546627682,0.9792340838297963,1.031972957469748,resolved
0.5,96,128,36055,16,16,True,True,4.087720984551668,4.085937329122213,0.001783655429454356,1.0004365351902833,0.976191982164617,1.0252315908434797,resolved
0.5,96,128,42945,16,16,True,True,4.3246957513593545,4.2730121787493465,0.051683572610008,1.0120953487722413,0.9864761851388819,1.042009327973966,resolved
0.5,96,128,51152,16,16,True,True,4.545121186868186,4.470221550250897,0.07489963661728893,1.016755240377982,0.9898095613729364,1.0498440998428225,resolved
0.5,96,128,60927,16,16,True,True,4.783319069531324,4.741943176637726,0.041375892893598554,1.0087255142780804,0.9797495826443703,1.0424231124340033,resolved
0.5,96,128,72570,16,16,True,True,5.076374728494779,4.983154102759351,0.09322062573542755,1.0187071529021765,0.982393759238485,1.0616131794751926,resolved
0.5,96,128,86439,16,16,True,True,5.356649145521948,5.247378711964252,0.10927043355769595,1.0208238130990155,0.9860606403779687,1.0592136463399682,resolved
0.5,96,128,102958,16,16,True,True,5.666936452832661,5.534231539274539,0.13270491355812197,1.0239789232915828,0.9827139280784334,1.073267360351192,resolved
0.5,96,128,122633,16,16,True,True,6.005061880746313,5.803508188788502,0.2015536919578107,1.0347296299757416,0.9910826525627228,1.08810435785787,resolved
0.5,96,128,146069,16,16,True,True,6.282138709456463,6.112233488916212,0.16990522054025092,1.0277975671002022,0.9764089010309495,1.0850587674058638,resolved
0.5,96,128,173983,16,16,True,True,6.6127280521896585,6.369118072470153,0.2436099797195057,1.0382486204444041,0.9901817146519467,1.0932988798283452,resolved
0.5,96,128,207231,16,16,True,True,7.000283832098856,6.7752632899179455,0.2250205421809106,1.033212073472592,0.9844522671829302,1.087634486023861,resolved
0.5,96,128,246834,16,16,True,True,7.395982524415007,7.2198231709446725,0.17615935347033407,1.0243993999990564,0.9673979965672972,1.0844138576892437,resolved
0.5,96,128,294005,16,16,True,True,7.737374067036569,7.585165604206663,0.15220846282990586,1.0200665971940668,0.9659815672100663,1.075516704325599,resolved
0.5,96,128,350190,16,16,True,True,8.037215094925555,8.020750560720835,0.016464534204720493,1.0020527423312913,0.9544498843185827,1.0550514189617184,resolved
0.5,96,128,417112,16,16,True,True,8.496845587130185,8.444494655942504,0.052350931187680416,1.0061994155151535,0.9645775835893611,1.0508705724800227,resolved
0.5,96,128,496824,16,16,True,True,9.153868580145183,9.005950779230849,0.1479178009143336,1.0164244514033383,0.9698393394371095,1.0702965490760725,resolved
0.5,96,128,591769,16,16,True,True,9.788678336236009,9.464592377598821,0.3240859586371876,1.0342419351734837,0.9865282700362948,1.091550947605085,resolved
0.5,96,128,704857,16,16,True,True,10.486967058858324,9.927464521043904,0.5595025378144207,1.0563590569000176,0.9922704294327135,1.129378477272065,resolved
0.5,96,128,839558,16,16,True,True,11.173505325140004,10.687300963206885,0.4862043619331189,1.0454936530380283,0.976936555751434,1.1141139382350955,resolved
0.5,96,128,1000000,16,16,False,True,nan,11.359896670957239,nan,nan,nan,nan,unresolved
0.15,32,128,1,16,16,True,True,0.6060463318867101,0.6035277163121137,0.002518615574596428,1.0041731564375975,0.9898388850664445,1.0203997550489725,resolved
0.15,32,128,2,16,16,True,True,0.6350909618565621,0.6303366052137727,0.004754356642789448,1.007542567897,0.9926570234416134,1.024363812588944,resolved
0.15,32,128,3,16,16,True,True,0.6559141998407094,0.6469821299269615,0.008932069913747953,1.0138057443947583,0.9999417530044463,1.0291360969165495,resolved
0.15,32,128,4,16,16,True,True,0.6633876264858043,0.6592360681564716,0.004151558329332672,1.0062975291096288,0.9925000384357957,1.0212575817247702,resolved
0.15,32,128,5,16,16,True,True,0.6758842858111227,0.6701792016470766,0.005705084164046137,1.00851277412075,0.9969278257512408,1.0208554086563741,resolved
0.15,32,128,6,16,16,True,True,0.6846733821311991,0.6794719589930741,0.005201423138124994,1.0076550960923143,0.9956014514628374,1.0206056371599934,resolved
0.15,32,128,7,16,16,True,True,0.6930750752695005,0.6879620520101862,0.005113023259314287,1.0074321297873543,0.9952072241149372,1.018967916200168,resolved
0.15,32,128,8,16,16,True,True,0.6999064423674605,0.6953346372840917,0.004571805083368741,1.0065749710114051,0.9928441910493355,1.021201372383246,resolved
0.15,32,128,10,16,16,True,True,0.7135785166079177,0.7074514298609768,0.006127086746940957,1.0086607878482132,0.9878989618636345,1.02775306161671,resolved
0.15,32,128,12,16,16,True,True,0.7293366049450666,0.7182661805521827,0.01107042439288386,1.0154127044995676,0.9957611879321163,1.0382221603934407,resolved
0.15,32,128,14,16,16,True,True,0.7342256409721246,0.7292257621118853,0.004999878860239337,1.0068564210427227,0.9902536966250531,1.0229639968005197,resolved
0.15,32,128,16,16,16,True,True,0.7466697960475613,0.7377602469437077,0.008909549103853664,1.0120764830319375,0.9961263452889628,1.0294276721303923,resolved
0.15,32,128,20,16,16,True,True,0.7684838508478508,0.7543487575795531,0.01413509326829765,1.0187381408483422,0.9999063845100106,1.0403915094156297,resolved
0.15,32,128,23,16,16,True,True,0.787510176115997,0.76463324578382,0.02287693033217708,1.0299188276972264,1.012668183233898,1.0491363826073505,resolved
0.15,32,128,28,16,16,True,True,0.8044552993041064,0.7824481360973631,0.02200716320674334,1.028126034418727,1.0140058609504004,1.0448038041404955,resolved
0.15,32,128,33,16,16,True,True,0.8135679186277582,0.7977922855069954,0.0157756331207628,1.019774110889951,1.0056724903164314,1.0399122915322119,resolved
0.15,32,128,39,16,16,True,True,0.8409984576188445,0.8154755214908624,0.025522936127982065,1.0312982247233133,1.0160520017982146,1.050245008850173,resolved
0.15,32,128,47,16,16,True,True,0.8594043070432439,0.836980129535488,0.022424177507755938,1.0267917680676613,1.0034364212675762,1.0496427675695121,resolved
0.15,32,128,56,16,16,True,True,0.8699052081839553,0.8564316511430148,0.013473557040940554,1.0157322035248912,0.9918859526472279,1.0419824884856033,resolved
0.15,32,128,66,16,16,True,True,0.8949650725744218,0.877405353715279,0.01755971885914287,1.0200132342306645,0.9957461542624753,1.0451950783869788,resolved
0.15,32,128,79,16,16,True,True,0.9198163248424129,0.8972883653898205,0.02252795945259245,1.0251067107538003,1.0035120135613853,1.0475082944242402,resolved
0.15,32,128,94,16,16,True,True,0.932405548938372,0.9187804353274571,0.013625113610914896,1.014829564373624,0.991597191250523,1.0377670764634768,resolved
0.15,32,128,112,16,16,True,True,0.9605053149239796,0.9414164964562428,0.0190888184677368,1.020276698506551,0.9916510124200087,1.0542434534420773,resolved
0.15,32,128,134,16,16,True,True,0.9937211735259831,0.9693442493532084,0.024376924172774705,1.0251478504040645,0.994893749593169,1.0640879116601856,resolved
0.15,32,128,159,16,16,True,True,1.020408277728104,0.9935605961960414,0.02684768153206263,1.0270216850737157,0.991132778082022,1.0665389661271663,resolved
0.15,32,128,190,16,16,True,True,1.0783637168725522,1.0275683193132519,0.05079539755930029,1.0494326232179365,1.0043250254147034,1.0909647504267306,resolved
0.15,32,128,226,16,16,True,True,1.0865704070420503,1.0700012607104257,0.01656914633162465,1.0154851652423509,0.9819976983483015,1.050033728926344,resolved
0.15,32,128,269,16,16,True,True,1.1242535346482072,1.109011673252929,0.015241861395278278,1.0137436437892229,0.9823235757911263,1.047774734523972,resolved
0.15,32,128,321,16,16,True,True,1.1707306626034788,1.1563082500175115,0.014422412585967326,1.01247280955208,0.9744205072389712,1.0518169443912315,resolved
0.15,32,128,382,16,16,True,True,1.2179176104003644,1.2019301875449764,0.01598742285538801,1.0133014571237646,0.9738376304051679,1.0517313367928696,resolved
0.15,32,128,455,16,16,True,True,1.2477914488614275,1.2402923022017702,0.00749914665965723,1.0060462736456113,0.9551419697465833,1.0426318010135485,resolved
0.15,32,128,542,16,16,True,True,1.3405534626732087,1.2768254351399113,0.06372802753329743,1.0499113079826095,1.0038093875005614,1.0935427168538163,resolved
0.15,32,128,646,16,16,True,True,1.3313340007387575,1.3252154586764782,0.006118542062279353,1.004617016819582,0.9670301680987838,1.0367287951191897,resolved
0.15,32,128,769,16,16,True,True,1.4388863220216157,1.369195613520547,0.06969070850106873,1.0508990153144564,1.0145368481953143,1.0834747132091207,resolved
0.15,32,128,916,16,16,True,True,1.4870823257979526,1.4191845476024387,0.0678977781955139,1.0478428110778264,0.9946209249732662,1.105034340619398,resolved
0.15,32,128,1091,16,16,True,True,1.5057292382828664,1.4852502335279498,0.020479004754916597,1.013788252169651,0.9711341122226308,1.056658033897448,resolved
0.15,32,128,1300,16,16,True,True,1.5478706479989186,1.528931966437167,0.018938681561751602,1.012386870035744,0.959283994560269,1.0605265379310629,resolved
0.15,32,128,1548,16,16,True,True,1.5985930701913422,1.598897645723152,-0.00030457553180984753,0.9998095090497978,0.9498205432621801,1.052148459715344,resolved
0.15,32,128,1844,16,16,True,True,1.677114431271409,1.6582183146697895,0.018896116601619495,1.0113954335411997,0.9638252925989077,1.065635405011709,resolved
0.15,32,128,2197,16,16,True,True,1.7063282647199929,1.7213036811273148,-0.014975416407321918,0.9912999567876866,0.947275215683445,1.0329769248663025,resolved
0.15,32,128,2617,16,16,True,True,1.7927726098317747,1.7840677273873045,0.008704882444470208,1.0048792331764322,0.9624091544525939,1.0447995684370273,resolved
0.15,32,128,3117,16,16,True,True,1.9097407292914532,1.8528938563105768,0.05684687298087643,1.0306800482862348,0.9810614500748376,1.0838119257376408,resolved
0.15,32,128,3712,16,16,True,True,2.031134298873421,1.920385963740748,0.11074833513267279,1.0576698315983024,0.9996636571874705,1.114559360245532,resolved
0.15,32,128,4421,16,16,True,True,2.1325246280897616,2.0061034266253546,0.12642120146440705,1.0630182869868636,1.007356917924297,1.1218991719515834,resolved
0.15,32,128,5266,16,16,True,True,2.1023962833581864,2.102936374375904,-0.000540091017717792,0.9997431729155961,0.9412648161590007,1.0640398938034954,resolved
0.15,32,128,6273,16,16,True,True,2.121056389877226,2.202281191238777,-0.08122480136155108,0.9631178790044235,0.8937618760548571,1.0307664862477157,resolved
0.15,32,128,7472,16,16,True,True,2.206125685506916,2.2820097726339155,-0.07588408712699968,0.9667468176354855,0.8934726266666673,1.0407382001097096,resolved
0.15,32,128,8900,16,16,True,True,2.5604368934558637,2.381567182578505,0.17886971087735848,1.0751058849760005,0.9537222607244823,1.2203711468088272,resolved
0.15,32,128,10600,16,16,True,True,2.7253522487184645,2.4948577703011017,0.2304944784173628,1.0923878231301116,0.9770870104884457,1.2208548012250926,resolved
0.15,32,128,12626,16,16,True,True,2.8298035372002612,2.5955786542999952,0.234224882900266,1.0902399480409637,0.9932669407829661,1.213686039080432,resolved
0.15,32,128,15039,16,16,True,True,2.8534551065557583,2.744359312952392,0.10909579360336608,1.0397527368550004,0.9529080388401837,1.1345109706136247,resolved
0.15,32,128,17913,16,16,True,True,3.1072738844361196,2.85916066405839,0.24811322037772943,1.0867783414540788,0.9486636012869452,1.2446357496487148,resolved
0.15,32,128,21336,16,16,True,True,3.2566962855656163,3.008054430866494,0.24864185469912226,1.0826586953173913,0.9701419403455397,1.1958762663368203,resolved
0.15,32,128,25413,16,16,True,True,3.348542419278085,3.091454825421246,0.25708759385683866,1.0831607150597156,0.9890481183111064,1.174104689926764,resolved
0.15,32,128,30270,16,16,True,True,3.612473690578018,3.234595391266524,0.37787829931149375,1.116823977531092,0.9974620072772679,1.2390396058362951,resolved
0.15,32,128,36055,16,16,True,True,3.732451780791509,3.408555593162527,0.3238961876289821,1.0950244696840825,0.9962823939235194,1.1950971562664634,resolved
0.15,32,128,42945,16,16,True,True,3.795580358444196,3.5778016697337254,0.21777868871047046,1.0608694133475203,0.981492490562106,1.1426253284618622,resolved
0.15,32,128,51152,16,16,True,True,4.071786352700345,3.786634142921363,0.2851522097789818,1.075304927546813,1.0104896608785605,1.1313534692519578,resolved
0.15,32,128,60927,16,16,True,True,4.156304484989272,3.9698470915339703,0.186457393455302,1.046968406882204,0.9940083749423243,1.089509163200145,resolved
0.15,32,128,72570,16,16,True,True,4.0407947699418845,4.1513073603522255,-0.110512590410341,0.9733788465133152,0.9298114628816525,1.0183445659840709,resolved
0.15,32,128,86439,16,16,True,True,4.214300669872686,4.31382403011614,-0.0995233602434542,0.9769292025941135,0.9412818947473215,1.0187866067715354,resolved
0.15,32,128,102958,16,16,True,True,4.098281557602793,4.560826673300202,-0.4625451156974085,0.8985830532861026,0.8580010984306684,0.9378706760377228,resolved
0.15,32,128,122633,16,16,True,True,4.19666254768731,4.7475374919831115,-0.5508749442958019,0.8839661729420711,0.8531252643108777,0.9143513098211559,resolved
0.15,32,128,146069,16,16,True,True,4.1436211098946085,5.0177965107564075,-0.874175400861799,0.8257850036389734,0.7918107308991146,0.8668552718734432,resolved
0.15,32,128,173983,16,16,True,True,4.278487099499215,5.3646715577841455,-1.0861844582849303,0.7975301103552416,0.7720054496320793,0.8239413669710253,resolved
0.15,32,128,207231,16,16,True,True,4.2138545318003935,5.564146565354875,-1.3502920335544815,0.757322705702602,0.7244974483234419,0.7905786396360459,resolved
0.15,32,128,246834,16,16,True,True,4.235924525690367,5.784002439930344,-1.5480779142399772,0.7323517874832327,0.7019756455948019,0.7633753064235427,resolved
0.15,32,128,294005,16,16,True,True,4.164490771302677,6.092374698255352,-1.927883926952675,0.6835578863025685,0.6509537423858505,0.7158000396366226,resolved
0.15,32,128,350190,16,16,True,True,3.9907161609752553,6.496488404539945,-2.5057722435646896,0.6142881988654703,0.5825516872797109,0.6486903854236752,resolved
0.15,32,128,417112,16,16,True,True,4.123677081958026,6.830180515766493,-2.706503433808467,0.6037434987902748,0.574104010070864,0.6319457741677453,resolved
0.15,32,128,496824,16,16,True,True,4.267808325761296,7.173521667152513,-2.905713341391217,0.5949390722974393,0.5685667693329096,0.6221287243270498,resolved
0.15,32,128,591769,16,16,True,True,4.09673954291044,7.536954963160555,-3.440215420250115,0.5435536716000899,0.5156284359664547,0.5782477613018979,resolved
0.15,32,128,704857,16,16,True,True,4.137063683065118,7.89303956962394,-3.755975886558822,0.5241407504133704,0.4993212264484404,0.5488348285574274,resolved
0.15,32,128,839558,16,16,True,True,4.111613506613964,8.371188841893133,-4.259575335279169,0.49116243633611884,0.46165077866731524,0.5219729030062638,resolved
0.15,32,128,1000000,16,16,True,True,4.109318126520975,8.642521713839217,-4.533203587318242,0.4754767488684175,0.44843107631445855,0.5052112084797992,resolved
0.15,64,128,1,16,16,True,True,0.6031796420532999,0.6035277163121137,-0.00034807425881377974,0.9994232671517711,0.9934344786798334,1.005340148357416,resolved
0.15,64,128,2,16,16,True,True,0.6296087875799505,0.6303366052137727,-0.0007278176338221254,0.9988453508366767,0.9925134732689993,1.005309981535886,resolved
0.15,64,128,3,16,16,True,True,0.6469223874055469,0.6469821299269615,-5.974252141460745e-05,0.9999076597039529,0.9919355362902555,1.0066061197158644,resolved
0.15,64,128,4,16,16,True,True,0.6604064698304964,0.6592360681564716,0.0011704016740248235,1.0017753908357863,0.9914778752458799,1.0104093660666842,resolved
0.15,64,128,5,16,16,True,True,0.67023216294256,0.6701792016470766,5.2961295483489046e-05,1.0000790255730905,0.9897111747773527,1.0087348496543782,resolved
0.15,64,128,6,16,16,True,True,0.68039373549175,0.6794719589930741,0.0009217764986758636,1.0013566071218625,0.9930739840274813,1.010665600529387,resolved
0.15,64,128,7,16,16,True,True,0.6877560210895721,0.6879620520101862,-0.00020603092061410866,0.9997005199341852,0.9900175112376025,1.0097021855756856,resolved
0.15,64,128,8,16,16,True,True,0.6939399359385302,0.6953346372840917,-0.001394701345561522,0.9979942012510565,0.9889301816859498,1.0078211643640083,resolved
0.15,64,128,10,16,16,True,True,0.7089187666691646,0.7074514298609768,0.0014673368081878913,1.0020741166760752,0.993602132470645,1.0115370404991024,resolved
0.15,64,128,12,16,16,True,True,0.7158344948355612,0.7182661805521827,-0.0024316857166215566,0.9966145061782636,0.9849420380523126,1.0077276020243395,resolved
0.15,64,128,14,16,16,True,True,0.7284068099213221,0.7292257621118853,-0.0008189521905631603,0.9988769565844857,0.9884678546668351,1.0094354306582438,resolved
0.15,64,128,16,16,16,True,True,0.7404705735983209,0.7377602469437077,0.0027103266546132376,1.0036737228196304,0.9935521092045947,1.0134850392616703,resolved
0.15,64,128,20,16,16,True,True,0.7514369370566123,0.7543487575795531,-0.002911820522940811,0.9961399545055475,0.9848809048215239,1.0067620688732397,resolved
0.15,64,128,23,16,16,True,True,0.7615650317346838,0.76463324578382,-0.003068214049136153,0.9959873389418336,0.9872543504041994,1.0044563131329958,resolved
0.15,64,128,28,16,16,True,True,0.7796196659509599,0.7824481360973631,-0.0028284701464031947,0.9963851020714155,0.9874322678507419,1.0056616425039089,resolved
0.15,64,128,33,16,16,True,True,0.7949084348547404,0.7977922855069954,-0.002883850652255049,0.9963852111575353,0.9876995320825513,1.0054555670062628,resolved
0.15,64,128,39,16,16,True,True,0.8200675146716901,0.8154755214908624,0.004591993180827703,1.0056310619507407,0.9974270544064007,1.0141850441812181,resolved
0.15,64,128,47,16,16,True,True,0.8356675923214949,0.836980129535488,-0.001312537213993048,0.9984318179516144,0.9849788533020221,1.012499256775667,resolved
0.15,64,128,56,16,16,True,True,0.8523503974696293,0.8564316511430148,-0.004081253673385521,0.9952345833226287,0.9830946581256097,1.0075794183292526,resolved
0.15,64,128,66,16,16,True,True,0.8835617610184054,0.877405353715279,0.006156407303126499,1.007016605582651,0.9948596993268602,1.0189524260573963,resolved
0.15,64,128,79,16,16,True,True,0.9003651916015623,0.8972883653898205,0.0030768262117417677,1.0034290272006425,0.9902728593591688,1.015282161285322,resolved
0.15,64,128,94,16,16,True,True,0.9321491467097849,0.9187804353274571,0.013368711382327758,1.0145504963626735,0.9996226177478076,1.0298450378905084,resolved
0.15,64,128,112,16,16,True,True,0.9527582322109973,0.9414164964562428,0.0113417357547545,1.012047521790247,0.9981454542643028,1.0254685976898423,resolved
0.15,64,128,134,16,16,True,True,0.9825623337207706,0.9693442493532084,0.013218084367562222,1.0136361095414574,0.999171546608599,1.0290354068752459,resolved
0.15,64,128,159,16,16,True,True,1.0045499204373167,0.9935605961960414,0.0109893242412753,1.0110605475733934,0.9924569820627236,1.0303986598829524,resolved
0.15,64,128,190,16,16,True,True,1.052062717118758,1.0275683193132519,0.024494397805506107,1.0238372450231594,1.0045358194898597,1.0413954493566093,resolved
0.15,64,128,226,16,16,True,True,1.0774242046876434,1.0700012607104257,0.007422943977217766,1.00693732264604,0.9898716553775561,1.0255900561692837,resolved
0.15,64,128,269,16,16,True,True,1.1029429764920462,1.109011673252929,-0.00606869676088273,0.9945278332886415,0.9704481374138939,1.0195991160344868,resolved
0.15,64,128,321,16,16,True,True,1.148702324575485,1.1563082500175115,-0.007605925442026429,0.9934222336977089,0.973361348683969,1.012838761537683,resolved
0.15,64,128,382,16,16,True,True,1.1775075097936039,1.2019301875449764,-0.024422677751372524,0.9796804523220625,0.9578877239382911,1.001179588016802,resolved
0.15,64,128,455,16,16,True,True,1.2436776321563596,1.2402923022017702,0.0033853299545894,1.0027294613927538,0.9809259662934522,1.030778057001831,resolved
0.15,64,128,542,16,16,True,True,1.2792375116224235,1.2768254351399113,0.002412076482512182,1.0018891200129076,0.9776091749824695,1.0254716659516343,resolved
0.15,64,128,646,16,16,True,True,1.310502712922494,1.3252154586764782,-0.01471274575398418,0.9888978462651816,0.9677336021329499,1.0121172992334908,resolved
0.15,64,128,769,16,16,True,True,1.3714921212083038,1.369195613520547,0.002296507687756799,1.0016772677804977,0.978155661293802,1.0251671666058375,resolved
0.15,64,128,916,16,16,True,True,1.4188160706721475,1.4191845476024387,-0.0003684769302911839,0.9997403601026281,0.977014830932076,1.0227517557846733,resolved
0.15,64,128,1091,16,16,True,True,1.4782940996225575,1.4852502335279498,-0.006956133905392292,0.9953165239443396,0.9757357444394847,1.0140479072625572,resolved
0.15,64,128,1300,16,16,True,True,1.5112937124221708,1.528931966437167,-0.01763825401499619,0.988463676342579,0.9666189541797319,1.0122618877028375,resolved
0.15,64,128,1548,16,16,True,True,1.5717316812021822,1.598897645723152,-0.027165964520969865,0.9830095662510759,0.9627943973419115,1.0073652056412283,resolved
0.15,64,128,1844,16,16,True,True,1.613359352980119,1.6582183146697895,-0.04485896168967063,0.9729474935279534,0.953663866858861,0.9927730922411654,resolved
0.15,64,128,2197,16,16,True,True,1.6872074517977198,1.7213036811273148,-0.034096229329594996,0.9801916246950307,0.9574047745464006,1.0041275547849253,resolved
0.15,64,128,2617,16,16,True,True,1.748280202208038,1.7840677273873045,-0.03578752517926653,0.9799404895734111,0.9532613784006607,1.0087164060609928,resolved
0.15,64,128,3117,16,16,True,True,1.8135087536423322,1.8528938563105768,-0.039385102668244576,0.9787440049336302,0.9538524413631941,1.00431971780299,resolved
0.15,64,128,3712,16,16,True,True,1.8807709456106219,1.920385963740748,-0.039615018130126245,0.9793713248908779,0.9542031724329786,1.006689393364751,resolved
0.15,64,128,4421,16,16,True,True,1.960617236056563,2.0061034266253546,-0.04548619056879155,0.9773260989612544,0.9518501279645158,1.0047143698475756,resolved
0.15,64,128,5266,16,16,True,True,2.0183855602890084,2.102936374375904,-0.0845508140868958,0.9597939266650479,0.9284026720155318,0.9907436919377846,resolved
0.15,64,128,6273,16,16,True,True,2.1595535471574503,2.202281191238777,-0.04272764408132668,0.9805984611541396,0.95322752702484,1.009420875105471,resolved
0.15,64,128,7472,16,16,True,True,2.213160991364834,2.2820097726339155,-0.06884878126908145,0.9698297605493531,0.9282067416990313,1.0132565418298929,resolved
0.15,64,128,8900,16,16,True,True,2.3460956367514285,2.381567182578505,-0.03547154582707668,0.9851057966844035,0.944004966218545,1.0271162029885126,resolved
0.15,64,128,10600,16,16,True,True,2.445955786946893,2.4948577703011017,-0.04890198335420859,0.9803988892928728,0.9394533964104685,1.0190545182503252,resolved
0.15,64,128,12626,16,16,True,True,2.6261914029461844,2.5955786542999952,0.030612748646189125,1.0117941903226373,0.9748558439323165,1.0441096977147766,resolved
0.15,64,128,15039,16,16,True,True,2.769719699025595,2.744359312952392,0.02536038607320279,1.009240913153577,0.9658641511699073,1.0495168206070684,resolved
0.15,64,128,17913,16,16,True,True,2.909973072065126,2.85916066405839,0.05081240800673559,1.0177717917868283,0.965130320037185,1.0641641916445692,resolved
0.15,64,128,21336,16,16,True,True,3.102609754141517,3.008054430866494,0.09455532327502292,1.0314340466398362,0.9821809630832801,1.076778744627838,resolved
0.15,64,128,25413,16,16,True,True,3.2608505553955665,3.091454825421246,0.16939572997432029,1.0547948262356504,1.014278220250409,1.095081109012515,resolved
0.15,64,128,30270,16,16,True,True,3.3344739094391787,3.234595391266524,0.09987851817265447,1.0308782107469543,0.9922975775790527,1.0709315412205638,resolved
0.15,64,128,36055,16,16,True,True,3.5649701374789635,3.408555593162527,0.15641454431643664,1.0458888054019715,0.9978045404413959,1.093616177831597,resolved
0.15,64,128,42945,16,16,True,True,3.697409401872543,3.5778016697337254,0.11960773213881781,1.0334305093405918,0.9764727228889505,1.0864062228633775,resolved
0.15,64,128,51152,16,16,True,True,3.9461316000765883,3.786634142921363,0.15949745715522523,1.0421211691267787,1.0024925077623597,1.0838542103939413,resolved
0.15,64,128,60927,16,16,True,True,4.088923955287274,3.9698470915339703,0.11907686375330329,1.0299953275296785,0.9846459440559838,1.0833095705493188,resolved
0.15,64,128,72570,16,16,True,True,4.45149591424216,4.1513073603522255,0.30018855388993426,1.0723118111554295,1.0212964126560253,1.12702411249443,resolved
0.15,64,128,86439,16,16,True,True,4.644016107534827,4.31382403011614,0.33019207741868684,1.0765427785448627,1.0043557454077883,1.1494530690548932,resolved
0.15,64,128,102958,16,16,True,True,4.809848084184951,4.560826673300202,0.24902141088474927,1.0546000601914034,0.9957908102675431,1.1130059937723897,resolved
0.15,64,128,122633,16,16,True,True,5.054504891240084,4.7475374919831115,0.3069673992569726,1.0646582359329084,0.9986733277930457,1.1378407139364712,resolved
0.15,64,128,146069,16,16,True,True,5.409323195886471,5.0177965107564075,0.3915266851300636,1.0780276131745812,0.9979460473250205,1.163834231824021,resolved
0.15,64,128,173983,16,16,True,True,5.832818728374369,5.3646715577841455,0.4681471705902238,1.0872648335592776,0.9962285422119885,1.197648710228079,resolved
0.15,64,128,207231,16,16,True,True,5.980563115192136,5.564146565354875,0.41641654983726095,1.0748392489209533,0.9658180981274789,1.2030697760577471,resolved
0.15,64,128,246834,16,16,True,True,6.197304432413031,5.784002439930344,0.41330199248268684,1.0714560543110117,0.9655589394203894,1.1836764352492632,resolved
0.15,64,128,294005,16,16,True,True,6.624935365455894,6.092374698255352,0.5325606672005421,1.0874142996085006,0.9843377210301112,1.199785518544963,resolved
0.15,64,128,350190,16,16,True,True,7.091771002457666,6.496488404539945,0.5952825979177208,1.0916314416110893,0.9835813348243685,1.2034281191195617,resolved
0.15,64,128,417112,16,16,True,True,7.640323135838919,6.830180515766493,0.8101426200724262,1.1186121828262559,1.025730474967949,1.21270399962311,resolved
0.15,64,128,496824,16,16,True,True,8.236487181242707,7.173521667152513,1.0629655140901937,1.1481790344284457,1.0585419541721788,1.225491175822931,resolved
0.15,64,128,591769,16,16,True,True,8.380538909516545,7.536954963160555,0.8435839463559907,1.1119263615716553,1.034585401929247,1.1813698882293835,resolved
0.15,64,128,704857,16,16,True,True,8.390009248189859,7.89303956962394,0.496969678565919,1.0629630289044145,0.9988758258784253,1.1248394959262276,resolved
0.15,64,128,839558,16,16,True,True,8.278006482232971,8.371188841893133,-0.09318235966016175,0.9888686826423224,0.9252025899590541,1.047176968880412,resolved
0.15,64,128,1000000,16,16,True,True,8.357013599325382,8.642521713839217,-0.28550811451383495,0.9669647211812435,0.9003390772785961,1.0268482196960789,resolved
0.15,96,128,1,16,16,True,True,0.6024726213893641,0.6035277163121137,-0.0010550949227495776,0.9982517871271981,0.9929642764640044,1.0032541054476252,resolved
0.15,96,128,2,16,16,True,True,0.6313467075873471,0.6303366052137727,0.0010101023735744619,1.001602480904995,0.9975629436060339,1.0056449875881408,resolved
0.15,96,128,3,16,16,True,True,0.648844692414852,0.6469821299269615,0.0018625624878905178,1.002878846882681,0.9981566468617827,1.0077877017743067,resolved
0.15,96,128,4,16,16,True,True,0.6614960820505471,0.6592360681564716,0.0022600138940754855,1.0034282315595922,0.9976645301423986,1.009363813578063,resolved
0.15,96,128,5,16,16,True,True,0.6721307857170573,0.6701792016470766,0.0019515840699807496,1.0029120331773718,0.9981921014765621,1.0071306936152162,resolved
0.15,96,128,6,16,16,True,True,0.6817383399969199,0.6794719589930741,0.0022663810038457965,1.0033355033623528,0.998683135918411,1.008318947714731,resolved
0.15,96,128,7,16,16,True,True,0.6911919649932085,0.6879620520101862,0.0032299129830222206,1.0046948999201113,1.0000717751041757,1.0098291624307927,resolved
0.15,96,128,8,16,16,True,True,0.6980702549905746,0.6953346372840917,0.0027356177064828957,1.0039342462748122,0.9996609039852428,1.0088407122502039,resolved
0.15,96,128,10,16,16,True,True,0.7098676965530547,0.7074514298609768,0.0024162666920779508,1.0034154524114154,0.9986822004854456,1.008878361318659,resolved
0.15,96,128,12,16,16,True,True,0.7218244635740221,0.7182661805521827,0.003558283021839359,1.004953989367986,0.9990019567641691,1.011889012514704,resolved
0.15,96,128,14,16,16,True,True,0.7308473728506824,0.7292257621118853,0.0016216107387970746,1.0022237430752594,0.9963271202756272,1.0085059839975763,resolved
0.15,96,128,16,16,16,True,True,0.7406288266569022,0.7377602469437077,0.002868579713194541,1.0038882275442165,0.9991648564890001,1.0087602941231668,resolved
0.15,96,128,20,16,16,True,True,0.7551252621624613,0.7543487575795531,0.0007765045829082329,1.0010293707984617,0.9954263948565675,1.006227873236607,resolved
0.15,96,128,23,16,16,True,True,0.7663691375775143,0.76463324578382,0.0017358917936943774,1.0022702279861175,0.9971760318088218,1.0070749009416566,resolved
0.15,96,128,28,16,16,True,True,0.7798908743028716,0.7824481360973631,-0.00255726179449145,0.9967317171879961,0.9890047252069756,1.0048588475495102,resolved
0.15,96,128,33,16,16,True,True,0.7975848677457389,0.7977922855069954,-0.00020741776125654532,0.9997400103196977,0.9913304460553725,1.0087744300807593,resolved
0.15,96,128,39,16,16,True,True,0.8138838329780247,0.8154755214908624,-0.0015916885128377523,0.9980481467917911,0.9897845137099294,1.0064895089648596,resolved
0.15,96,128,47,16,16,True,True,0.836911769747267,0.836980129535488,-6.835978822095079e-05,0.9999183256736824,0.9885859392774787,1.0111586773254593,resolved
0.15,96,128,56,16,16,True,True,0.8579858639468403,0.8564316511430148,0.0015542128038255054,1.0018147540457563,0.9919622645457911,1.011974724487744,resolved
0.15,96,128,66,16,16,True,True,0.8767714169956191,0.877405353715279,-0.0006339367196598333,0.9992774870623077,0.9892195064760803,1.0102497753914765,resolved
0.15,96,128,79,16,16,True,True,0.8957365288530502,0.8972883653898205,-0.001551836536770268,0.9982705264030743,0.987120305968813,1.011539841370125,resolved
0.15,96,128,94,16,16,True,True,0.9220721249571338,0.9187804353274571,0.0032916896296766307,1.003582672750866,0.9921119306917805,1.015661891055247,resolved
0.15,96,128,112,16,16,True,True,0.9451496926365686,0.9414164964562428,0.0037331961803257485,1.00396550962765,0.9971399861982067,1.0115187127711198,resolved
0.15,96,128,134,16,16,True,True,0.9754569381102911,0.9693442493532084,0.006112688757082707,1.0063060040446532,0.9964757999389708,1.0162020974746269,resolved
0.15,96,128,159,16,16,True,True,1.005187846875534,0.9935605961960414,0.011627250679492551,1.0117026085011913,0.9999658869998937,1.0238936647928645,resolved
0.15,96,128,190,16,16,True,True,1.0376507268766555,1.0275683193132519,0.010082407563403617,1.0098119097036213,0.9977474131385253,1.0241520391703278,resolved
0.15,96,128,226,16,16,True,True,1.077874821961339,1.0700012607104257,0.007873561250913319,1.0073584597888097,0.9933853962589712,1.0222695333592287,resolved
0.15,96,128,269,16,16,True,True,1.1229575265745508,1.109011673252929,0.013945853321621904,1.0125750284311401,0.9985563193564119,1.0265347985255795,resolved
0.15,96,128,321,16,16,True,True,1.1714399137647935,1.1563082500175115,0.015131663747282031,1.013086185060993,0.9984500398894577,1.0272970154645442,resolved
0.15,96,128,382,16,16,True,True,1.2033931565138718,1.2019301875449764,0.0014629689688954173,1.0012171829812209,0.98311904027114,1.019944802756758,resolved
0.15,96,128,455,16,16,True,True,1.2457238443446998,1.2402923022017702,0.005431542142929624,1.0043792436132093,0.9898885192375815,1.018859181112271,resolved
0.15,96,128,542,16,16,True,True,1.2890147280662354,1.2768254351399113,0.012189292926324091,1.0095465618015265,0.9890393525483027,1.0305333163114918,resolved
0.15,96,128,646,16,16,True,True,1.3370548317779791,1.3252154586764782,0.01183937310150096,1.0089339231775376,0.9929473405019077,1.0263889222522276,resolved
0.15,96,128,769,16,16,True,True,1.3911299354022968,1.369195613520547,0.02193432188174982,1.016019859883535,0.9976008567614963,1.036096060697894,resolved
0.15,96,128,916,16,16,True,True,1.4314833081829639,1.4191845476024387,0.012298760580525148,1.0086660756004584,0.9907214151821933,1.0249834687144723,resolved
0.15,96,128,1091,16,16,True,True,1.486104265841583,1.4852502335279498,0.0008540323136332351,1.0005750090418128,0.9845581922255203,1.0184525283590726,resolved
0.15,96,128,1300,16,16,True,True,1.5460334796759712,1.528931966437167,0.017101513238804156,1.0111852676340174,0.9951246730441983,1.025787985283015,resolved
0.15,96,128,1548,16,16,True,True,1.5979706304855825,1.598897645723152,-0.0009270152375695506,0.9994202160219267,0.9797862752256733,1.0179090784232137,resolved
0.15,96,128,1844,16,16,True,True,1.6538764138168218,1.6582183146697895,-0.004341900852967706,0.9973815867219918,0.9777550401154294,1.0145853791253137,resolved
0.15,96,128,2197,16,16,True,True,1.7182123691241682,1.7213036811273148,-0.003091312003146607,0.9982040867994182,0.9745148789944593,1.0181001172322772,resolved
0.15,96,128,2617,16,16,True,True,1.7811173186476876,1.7840677273873045,-0.0029504087396168277,0.9983462462246668,0.972894369919351,1.0206032930757765,resolved
0.15,96,128,3117,16,16,True,True,1.8474081876739308,1.8528938563105768,-0.005485668636646013,0.9970394048110404,0.9757228880579448,1.0172170080594902,resolved
0.15,96,128,3712,16,16,True,True,1.9161493364764386,1.920385963740748,-0.0042366272643095115,0.9977938667828747,0.9769466307346875,1.0210947689836618,resolved
0.15,96,128,4421,16,16,True,True,1.9909692099511953,2.0061034266253546,-0.015134216674159262,0.9924559140504446,0.9669564071842295,1.015901510747017,resolved
0.15,96,128,5266,16,16,True,True,2.079441982691749,2.102936374375904,-0.023494391684155236,0.9888278162047923,0.9680854894463029,1.0117938038216714,resolved
0.15,96,128,6273,16,16,True,True,2.186800948986801,2.202281191238777,-0.015480242251975973,0.9929708148470957,0.9673808753260481,1.0164068945242708,resolved
0.15,96,128,7472,16,16,True,True,2.2608561795472633,2.2820097726339155,-0.02115359308665221,0.990730279361496,0.9628581159211954,1.0206524051405481,resolved
0.15,96,128,8900,16,16,True,True,2.3770368802485713,2.381567182578505,-0.0045303023299339,0.9980977642104436,0.9712038362700357,1.0269426323002135,resolved
0.15,96,128,10600,16,16,True,True,2.47578378050656,2.4948577703011017,-0.019073989794541557,0.9923546784824373,0.9649194086291241,1.0195758289780588,resolved
0.15,96,128,12626,16,16,True,True,2.600484548265107,2.5955786542999952,0.004905893965111652,1.001890096436486,0.9751435963336336,1.030901419970984,resolved
0.15,96,128,15039,16,16,True,True,2.7116658382982424,2.744359312952392,-0.032693474654149846,0.9880870283640162,0.9552561339821257,1.0214790801721672,resolved
0.15,96,128,17913,16,16,True,True,2.8528346418618975,2.85916066405839,-0.006326022196492698,0.9977874548023778,0.9642399719009941,1.026382597399307,resolved
0.15,96,128,21336,16,16,True,True,2.9107547449905073,3.008054430866494,-0.0972996858759867,0.9676536152811707,0.9373610211396324,1.0011851255112734,resolved
0.15,96,128,25413,16,16,True,True,3.1021848418909563,3.091454825421246,0.010730016469710169,1.0034708630970366,0.9729579428126918,1.03662251034152,resolved
0.15,96,128,30270,16,16,True,True,3.23875508378843,3.234595391266524,0.0041596925219056224,1.001286000880709,0.9723180348613144,1.038416672814469,resolved
0.15,96,128,36055,16,16,True,True,3.43933580171084,3.408555593162527,0.030780208548313315,1.009030279162839,0.9744006396467778,1.0471514512453532,resolved
0.15,96,128,42945,16,16,True,True,3.6085556844434667,3.5778016697337254,0.030754014709741373,1.0085957852191483,0.9729469093027335,1.0439645646319493,resolved
0.15,96,128,51152,16,16,True,True,3.756759877682963,3.786634142921363,-0.02987426523840009,0.9921106016290889,0.9541304830406221,1.0286556026012794,resolved
0.15,96,128,60927,16,16,True,True,4.0027785166355025,3.9698470915339703,0.03293142510153224,1.0082953888001784,0.9685010113174903,1.047355588561006,resolved
0.15,96,128,72570,16,16,True,True,4.177400605119219,4.1513073603522255,0.026093244766993706,1.0062855487445237,0.972736115199254,1.0397215468416028,resolved
0.15,96,128,86439,16,16,True,True,4.44351781259831,4.31382403011614,0.12969378248217023,1.0300646900700487,0.9884984011813803,1.0717912688765139,resolved
0.15,96,128,102958,16,16,True,True,4.606807588330319,4.560826673300202,0.0459809150301167,1.0100817063054153,0.9627378723550407,1.0569151892842454,resolved
0.15,96,128,122633,16,16,True,True,4.837911190893581,4.7475374919831115,0.09037369891046954,1.0190359105247886,0.9729424387470527,1.0646147982061636,resolved
0.15,96,128,146069,16,16,True,True,5.0771194253697125,5.0177965107564075,0.05932291461330497,1.0118225030620787,0.9641446821306068,1.0538394414499164,resolved
0.15,96,128,173983,16,16,True,True,5.380554454748137,5.3646715577841455,0.015882896963991477,1.00296064666642,0.9565836295608261,1.055387976888759,resolved
0.15,96,128,207231,16,16,True,True,5.481886146624996,5.564146565354875,-0.08226041872987899,0.9852159863577151,0.9331352555402458,1.0355682895587361,resolved
0.15,96,128,246834,16,16,True,True,5.745143297225146,5.784002439930344,-0.038859142705197414,0.9932816171658349,0.9371047355431249,1.0445743379999706,resolved
0.15,96,128,294005,16,16,True,True,6.021743612728772,6.092374698255352,-0.07063108552658015,0.9884066412483121,0.9291783522947193,1.0483462417753895,resolved
0.15,96,128,350190,16,16,True,True,6.307593628241788,6.496488404539945,-0.18889477629815676,0.9709235567685842,0.9126962546830819,1.0264487210495692,resolved
0.15,96,128,417112,16,16,True,True,6.666493023951023,6.830180515766493,-0.1636874918154696,0.9760346755934751,0.9142618489441392,1.0417081124228522,resolved
0.15,96,128,496824,16,16,True,True,6.959158962612544,7.173521667152513,-0.21436270453996897,0.9701175079011005,0.9130601879817892,1.040223826614041,resolved
0.15,96,128,591769,16,16,True,True,7.396551902574172,7.536954963160555,-0.1404030605863822,0.9813713812444614,0.9276722895246915,1.0431811776024904,resolved
0.15,96,128,704857,16,16,True,True,8.166216644143311,7.89303956962394,0.27317707451937157,1.0346098701406088,0.9549313989203253,1.1268339731199815,resolved
0.15,96,128,839558,16,16,True,True,8.755689054312164,8.371188841893133,0.3845002124190309,1.0459313748239463,0.9628229746708666,1.1440513870951126,resolved
0.15,96,128,1000000,16,16,True,True,9.600052187072373,8.642521713839217,0.957530473233156,1.1107929496665154,1.0152865420755013,1.2149994665138888,resolved
