id,unit,factor,stage,tie_seed,native_fraction,fraction_error,half,lobe,min_half_pixels,near_zero_min,half_ratio,lobe_ratio
AlGe_15min,um,2,native,-1,0.00028949975967407227,0.0,0.36540633311005893,0.44821820162716414,4.460327935332255,0.9263946627175307,1.0,1.0
AlGe_15min,um,2,integrated,-1,0.00028949975967407227,0.0,0.40226080440466816,0.4788560376032464,2.4530467894978085,0.9404863490498685,1.1008588739580187,1.0683547340667066
AlGe_15min,um,2,fixed,-1,0.00028949975967407227,8.52346420288086e-06,0.3696962776962124,0.456600468632465,2.2627875478416497,0.92974923062337,1.0117402031586062,1.0187013088153734
AlGe_15min,um,2,matched,110,0.00028949975967407227,-5.960464477539063e-08,0.3686191991572883,0.4513788574732635,2.2735121133955287,0.9045602839363203,1.0087925844631205,1.0070516008377732
AlGe_15min,um,2,matched,211,0.00028949975967407227,-5.960464477539063e-08,0.37057859450250236,0.4534857766626077,2.2612603191020564,0.918906369489952,1.0141548214241967,1.0117522559689025
AlGe_15min,um,2,matched,312,0.00028949975967407227,-5.960464477539063e-08,0.36944544756405817,0.45171679252352187,2.2516409456703714,0.900282184176166,1.0110537614923676,1.0078055529285888
AlGe_15min,um,2,matched,413,0.00028949975967407227,-5.960464477539063e-08,0.36817568118500843,0.45168871584246345,2.2735156975618827,0.9132031169861268,1.0075788179459806,1.0077429122750936
AlGe_15min,um,2,matched,514,0.00028949975967407227,-5.960464477539063e-08,0.3675782195040337,0.45125833349302374,2.259164858862099,0.9305172965707279,1.0059437568459455,1.0067827050637905
AlGe_15min,um,4,native,-1,0.00028949975967407227,0.0,0.36540633311005893,0.44821820162716414,4.460327935332255,0.9263946627175307,1.0,1.0
AlGe_15min,um,4,integrated,-1,0.00028949975967407227,0.0,0.4488490072606278,0.5148686803622994,1.3756142947413834,0.9615043024769805,1.2283558509792885,1.1487009641580248
AlGe_15min,um,4,fixed,-1,0.00028949975967407227,1.1861324310302734e-05,0.3749395580180242,0.4710113200035932,1.1314299083428088,1.0220320460626833,1.0260893806268374,1.0508527281883764
AlGe_15min,um,4,matched,110,0.00028949975967407227,4.172325134277344e-07,0.37587188745116673,0.47070317901429304,1.109207009692386,1.0287970249358163,1.0286408674202032,1.0501652483221382
AlGe_15min,um,4,matched,211,0.00028949975967407227,4.172325134277344e-07,0.37587188745116673,0.47070317901429304,1.109207009692386,1.0287970249358163,1.0286408674202032,1.0501652483221382
AlGe_15min,um,4,matched,312,0.00028949975967407227,4.172325134277344e-07,0.37587188745116673,0.47070317901429304,1.109207009692386,1.0287970249358163,1.0286408674202032,1.0501652483221382
AlGe_15min,um,4,matched,413,0.00028949975967407227,4.172325134277344e-07,0.37587188745116673,0.47070317901429304,1.109207009692386,1.0287970249358163,1.0286408674202032,1.0501652483221382
AlGe_15min,um,4,matched,514,0.00028949975967407227,4.172325134277344e-07,0.37587188745116673,0.47070317901429304,1.109207009692386,1.0287970249358163,1.0286408674202032,1.0501652483221382
AlGe_15min,um,8,native,-1,0.00028949975967407227,0.0,0.36540633311005893,0.44821820162716414,4.460327935332255,0.9263946627175307,1.0,1.0
AlGe_15min,um,8,integrated,-1,0.00028949975967407227,0.0,0.5124774132159531,0.5835499867091077,0.7574347179150246,1.1861326679609638,1.402486401519475,1.301932818860656
AlGe_15min,um,8,fixed,-1,0.00028949975967407227,-4.5359134674072266e-05,0.39271508621886514,0.49121111015870145,0.5740688819347719,0.8855442869003238,1.0747353032345526,1.0959195953565928
AlGe_15min,um,8,matched,110,0.00028949975967407227,-1.4841556549072266e-05,0.42071631024488837,0.49999675263803944,0.6488297474495497,0.918113400803105,1.1513656773928171,1.1155208575263207
AlGe_15min,um,8,matched,211,0.00028949975967407227,-1.4841556549072266e-05,0.42071631024488837,0.49999675263803944,0.6488297474495497,0.918113400803105,1.1513656773928171,1.1155208575263207
AlGe_15min,um,8,matched,312,0.00028949975967407227,-1.4841556549072266e-05,0.42071631024488837,0.49999675263803944,0.6488297474495497,0.918113400803105,1.1513656773928171,1.1155208575263207
AlGe_15min,um,8,matched,413,0.00028949975967407227,-1.4841556549072266e-05,0.42071631024488837,0.49999675263803944,0.6488297474495497,0.918113400803105,1.1513656773928171,1.1155208575263207
AlGe_15min,um,8,matched,514,0.00028949975967407227,-1.4841556549072266e-05,0.42071631024488837,0.49999675263803944,0.6488297474495497,0.918113400803105,1.1513656773928171,1.1155208575263207
AlGe_105min,um,2,native,-1,0.0035610198974609375,0.0,0.6702320777560303,0.9257300933914092,9.795002801779901,2.008159969426039,1.0,1.0
AlGe_105min,um,2,integrated,-1,0.0035610198974609375,0.0,0.7036857347221013,0.961812880502815,5.126183226029774,2.0222292995349878,1.0499135420048462,1.0389776538204745
AlGe_105min,um,2,fixed,-1,0.0035610198974609375,6.580352783203125e-05,0.6749001171414774,0.9342127028678578,4.950840589495343,2.0227801547659876,1.006964810459499,1.0091631562342027
AlGe_105min,um,2,matched,110,0.0035610198974609375,0.0,0.670612542089749,0.9255529138316315,4.900124535077457,2.01310232359618,1.0005676605855578,0.9998086055956887
AlGe_105min,um,2,matched,211,0.0035610198974609375,0.0,0.6718407256816217,0.9265309548651097,4.908100006309858,2.0077735444145466,1.0024001356828178,1.0008651133623263
AlGe_105min,um,2,matched,312,0.0035610198974609375,0.0,0.6700879386882714,0.9260209889097912,4.888330693476404,2.0099947823692443,0.9997849415560033,1.0003142336199922
AlGe_105min,um,2,matched,413,0.0035610198974609375,0.0,0.6702679858144147,0.9249282949317883,4.9005790380034,2.005472318749,1.000053575559237,0.9991338744788089
AlGe_105min,um,2,matched,514,0.0035610198974609375,0.0,0.6708596388046578,0.9255613250897107,4.9051637380224395,2.003140036594044,1.0009363339497694,0.9998176916761123
AlGe_105min,um,4,native,-1,0.0035610198974609375,0.0,0.6702320777560303,0.9257300933914092,9.795002801779901,2.008159969426039,1.0,1.0
AlGe_105min,um,4,integrated,-1,0.0035610198974609375,0.0,0.7457807287185759,1.0061275737607527,2.7092086509580153,2.0601189575797756,1.1127201360094345,1.0868476470013064
AlGe_105min,um,4,fixed,-1,0.0035610198974609375,3.24249267578125e-05,0.6795587658810365,0.9361821206594132,2.4589984646244902,2.0248784234780035,1.013915609882822,1.011290577396823
AlGe_105min,um,4,matched,110,0.0035610198974609375,1.9073486328125e-06,0.6769071361808574,0.932519572130995,2.447673725488544,2.0019274358374544,1.0099593240108344,1.0073341882132323
AlGe_105min,um,4,matched,211,0.0035610198974609375,1.9073486328125e-06,0.6780673646648411,0.9336530180017973,2.4447825388037447,2.0119070826238024,1.0116904086940208,1.0085585687091174
AlGe_105min,um,4,matched,312,0.0035610198974609375,1.9073486328125e-06,0.6769071361808574,0.93212555473842,2.447673725488544,2.0019274358374544,1.0099593240108344,1.0069085594091265
AlGe_105min,um,4,matched,413,0.0035610198974609375,1.9073486328125e-06,0.6777532564058323,0.9322338322025168,2.4383827946064938,2.0181627131838957,1.0112217527322525,1.0070255238082204
AlGe_105min,um,4,matched,514,0.0035610198974609375,1.9073486328125e-06,0.6779910187948979,0.9319260663163726,2.447673725488544,2.0019274358374544,1.011576499090949,1.0066930663367164
AlGe_105min,um,8,native,-1,0.0035610198974609375,0.0,0.6702320777560303,0.9257300933914092,9.795002801779901,2.008159969426039,1.0,1.0
AlGe_105min,um,8,integrated,-1,0.0035610198974609375,0.0,0.8285252230840819,1.0895845590849582,1.5236972672400184,2.181947000848178,1.2361766178933493,1.1770002583509722
AlGe_105min,um,8,fixed,-1,0.0035610198974609375,-0.0001125335693359375,0.6809306964735291,0.9208799922183193,1.1810347534211185,1.9175680704147309,1.01596255845187,0.9947607826431119
AlGe_105min,um,8,matched,110,0.0035610198974609375,9.5367431640625e-06,0.6836622712841643,0.9435236010459935,1.2004270609154375,2.0611409288706333,1.0200381240675602,1.0192210535031845
AlGe_105min,um,8,matched,211,0.0035610198974609375,9.5367431640625e-06,0.6836622712841643,0.9435236010459935,1.2004270609154375,2.0611409288706333,1.0200381240675602,1.0192210535031845
AlGe_105min,um,8,matched,312,0.0035610198974609375,9.5367431640625e-06,0.6836622712841643,0.9435236010459935,1.2004270609154375,2.0611409288706333,1.0200381240675602,1.0192210535031845
AlGe_105min,um,8,matched,413,0.0035610198974609375,9.5367431640625e-06,0.6836622712841643,0.9435236010459935,1.2004270609154375,2.0611409288706333,1.0200381240675602,1.0192210535031845
AlGe_105min,um,8,matched,514,0.0035610198974609375,9.5367431640625e-06,0.6836622712841643,0.9435236010459935,1.2004270609154375,2.0611409288706333,1.0200381240675602,1.0192210535031845
AlGe_195min,um,2,native,-1,0.004183411598205566,0.0,0.15717380122557595,nan,2.317316580625216,0.8608625970154371,1.0,nan
AlGe_195min,um,2,integrated,-1,0.004183411598205566,0.0,0.21194214080652862,nan,1.5454766940388587,0.920202823471641,1.3484571802290963,nan
AlGe_195min,um,2,fixed,-1,0.004183411598205566,6.759166717529297e-05,0.16632722182762588,nan,1.1979161105795482,0.8715982001158582,1.0582375722332562,nan
AlGe_195min,um,2,matched,110,0.004183411598205566,-1.1920928955078125e-07,0.16630600688276856,nan,1.1957911289197745,0.8735356825075081,1.0581025946180818,nan
AlGe_195min,um,2,matched,211,0.004183411598205566,-1.1920928955078125e-07,0.16617232997781767,nan,1.1943794042198816,0.8754135314344307,1.0572520908833083,nan
AlGe_195min,um,2,matched,312,0.004183411598205566,-1.1920928955078125e-07,0.1661205353425484,nan,1.192897550890685,0.8769123405271164,1.0569225535503344,nan
AlGe_195min,um,2,matched,413,0.004183411598205566,-1.1920928955078125e-07,0.1660323281774269,nan,1.1948859762431945,0.8724805368230787,1.056361345738131,nan
AlGe_195min,um,2,matched,514,0.004183411598205566,-1.1920928955078125e-07,0.1660849926952918,nan,1.1922300435501079,0.8710186010389657,1.0566964175977809,nan
AlGe_195min,um,4,native,-1,0.004183411598205566,0.0,0.15717380122557595,nan,2.317316580625216,0.8608625970154371,1.0,nan
AlGe_195min,um,4,integrated,-1,0.004183411598205566,0.0,0.32173207726252223,nan,0.9901044001806645,nan,2.046982860717176,nan
AlGe_195min,um,4,fixed,-1,0.004183411598205566,-0.0014826059341430664,0.21005052375597189,nan,0.7497325780584918,0.9580862278131641,1.3364219871128982,nan
AlGe_195min,um,4,matched,110,0.004183411598205566,1.3113021850585938e-06,0.19212539458051078,nan,0.7205571353418473,0.9030824179985647,1.2223754409602416,nan
AlGe_195min,um,4,matched,211,0.004183411598205566,1.3113021850585938e-06,0.1920038277752623,nan,0.7215240836615945,0.903045621384467,1.2216019863240328,nan
AlGe_195min,um,4,matched,312,0.004183411598205566,1.3113021850585938e-06,0.19182792576604388,nan,0.7205571353418473,0.9031192147983567,1.220482830282461,nan
AlGe_195min,um,4,matched,413,0.004183411598205566,1.3113021850585938e-06,0.19228105671471465,nan,0.7224976934125918,0.9032296063119127,1.223365823154921,nan
AlGe_195min,um,4,matched,514,0.004183411598205566,1.3113021850585938e-06,0.19223807177304955,nan,0.7244405626629075,0.9031560117838445,1.2230923364711994,nan
AlGe_195min,um,8,native,-1,0.004183411598205566,0.0,0.15717380122557595,nan,2.317316580625216,0.8608625970154371,1.0,nan
AlGe_195min,um,8,integrated,-1,0.004183411598205566,0.0,0.5751723217285607,nan,0.7177789126333609,nan,3.65946689106967,nan
AlGe_195min,um,8,fixed,-1,0.004183411598205566,-0.0028406381607055664,0.5955879762411936,0.8855147267681888,0.673873648856909,1.0420577538667322,3.789359114541013,nan
AlGe_195min,um,8,matched,110,0.004183411598205566,-2.5033950805664062e-06,0.3207463229468051,nan,0.5768844568974237,nan,2.0407111137209806,nan
AlGe_195min,um,8,matched,211,0.004183411598205566,-2.5033950805664062e-06,0.3207463229468051,nan,0.5768844568974237,nan,2.0407111137209806,nan
AlGe_195min,um,8,matched,312,0.004183411598205566,-2.5033950805664062e-06,0.3207463229468051,nan,0.5768844568974237,nan,2.0407111137209806,nan
AlGe_195min,um,8,matched,413,0.004183411598205566,-2.5033950805664062e-06,0.3207463229468051,nan,0.5768844568974237,nan,2.0407111137209806,nan
AlGe_195min,um,8,matched,514,0.004183411598205566,-2.5033950805664062e-06,0.3207463229468051,nan,0.5768844568974237,nan,2.0407111137209806,nan
AlGe_315min,um,2,native,-1,0.006709098815917969,0.0,0.18197293918406485,0.3709801186227081,2.9284074257014434,1.3949794387261358,1.0,1.0
AlGe_315min,um,2,integrated,-1,0.006709098815917969,0.0,0.2310344339134602,0.44707692335195376,1.8532831641527627,1.457820542272761,1.269608739350909,1.2051236735050948
AlGe_315min,um,2,fixed,-1,0.006709098815917969,0.0001811981201171875,0.18922111172161318,0.3735913771773394,1.5191846173931254,1.384197388615823,1.0398310461437172,1.007038809961908
AlGe_315min,um,2,matched,110,0.006709098815917969,0.0,0.18894361975133253,0.37669479586432564,1.5142526360033601,1.3900565691836473,1.0383061382561771,1.015404268193222
AlGe_315min,um,2,matched,211,0.006709098815917969,0.0,0.1887017158153022,0.3768206302654832,1.5141592369150763,1.3945691256109962,1.0369767980965083,1.0157434626536281
AlGe_315min,um,2,matched,312,0.006709098815917969,0.0,0.1888372058008836,0.37664600525799397,1.5155064821542876,1.3920168477431332,1.0377213592724113,1.0152727500770686
AlGe_315min,um,2,matched,413,0.006709098815917969,0.0,0.18863611578430373,0.37635106058756973,1.5138372684743482,1.3886309600983222,1.0366163047655075,1.014477708360226
AlGe_315min,um,2,matched,514,0.006709098815917969,0.0,0.188631698315262,0.3756841363685648,1.515807553153293,1.3910785991774477,1.036592029348176,1.012679972617726
AlGe_315min,um,4,native,-1,0.006709098815917969,0.0,0.18197293918406485,0.3709801186227081,2.9284074257014434,1.3949794387261358,1.0,1.0
AlGe_315min,um,4,integrated,-1,0.006709098815917969,0.0,0.33706726218360117,0.5607608882047451,1.2876289671676802,1.561032317891147,1.8522933338053031,1.5115658765936368
AlGe_315min,um,4,fixed,-1,0.006709098815917969,-0.0018377304077148438,0.21158884239191894,0.46035211644815605,0.8412552365834184,1.520147580616447,1.1627489413571417,1.240907782760026
AlGe_315min,um,4,matched,110,0.006709098815917969,9.5367431640625e-07,0.204818910065646,0.41066233737229646,0.8327158114605993,1.4699365725297089,1.1255459794407814,1.1069658905089352
AlGe_315min,um,4,matched,211,0.006709098815917969,9.5367431640625e-07,0.20495178870824454,0.4105214981788796,0.8351364535458796,1.469730569822255,1.12627619044465,1.106586249697078
AlGe_315min,um,4,matched,312,0.006709098815917969,9.5367431640625e-07,0.20448249714000483,0.4092690656541865,0.8318994458487903,1.4694644683942915,1.1236972818973465,1.1032102398738484
AlGe_315min,um,4,matched,413,0.006709098815917969,9.5367431640625e-07,0.20529933808295253,0.4109385814239666,0.8343207686110202,1.4702112524366444,1.1281860863680018,1.1077105235439768
AlGe_315min,um,4,matched,514,0.006709098815917969,9.5367431640625e-07,0.20530390224406386,0.41085454027257057,0.8335175174410492,1.471228988422056,1.1282111679055744,1.1074839853895657
AlGe_315min,um,8,native,-1,0.006709098815917969,0.0,0.18197293918406485,0.3709801186227081,2.9284074257014434,1.3949794387261358,1.0,1.0
AlGe_315min,um,8,integrated,-1,0.006709098815917969,0.0,0.5890560514743997,0.791431084177272,0.9292144078866382,1.7443185875682243,3.237053015220972,2.1333517470303267
AlGe_315min,um,8,fixed,-1,0.006709098815917969,-0.004633903503417969,0.6919413991063488,0.8490507168532014,0.943874600057313,1.7174723226241213,3.8024411882826876,2.2886690532241105
AlGe_315min,um,8,matched,110,0.006709098815917969,4.76837158203125e-06,0.3274167966751025,0.5259668788984986,0.6303601984280962,1.64185298568186,1.799260912876292,1.4177764588873136
AlGe_315min,um,8,matched,211,0.006709098815917969,4.76837158203125e-06,0.3274167966751025,0.5259668788984986,0.6303601984280962,1.64185298568186,1.799260912876292,1.4177764588873136
AlGe_315min,um,8,matched,312,0.006709098815917969,4.76837158203125e-06,0.3274167966751025,0.5259997654776627,0.6303601984280962,1.64185298568186,1.799260912876292,1.417865106708351
AlGe_315min,um,8,matched,413,0.006709098815917969,4.76837158203125e-06,0.3274167966751025,0.5259997654776627,0.6303601984280962,1.64185298568186,1.799260912876292,1.417865106708351
AlGe_315min,um,8,matched,514,0.006709098815917969,4.76837158203125e-06,0.3274167966751025,0.5259997654776627,0.6303601984280962,1.64185298568186,1.799260912876292,1.417865106708351
