id,specimen,unit,factor,stage,tie_seed,length,length_ratio,native_length,voxel_over_native_length,native_fraction,observed_fraction,fraction_error,min_voxels_per_directional_length,quantization_bound,cutoff_ties,ties_selected,resolved,dimensions
AlGe_15min,Al–Ge source time series,um,2,native,-1,0.3654063331100588,1.0,0.3654063331100588,0.3284015331060409,0.00028949975967407227,0.00028949975967407227,0.0,4.460327935332255,nan,0,0,True,3
AlGe_15min,Al–Ge source time series,um,2,integrated,-1,0.4022608044046681,1.100858873958019,0.3654063331100588,0.3284015331060409,0.00028949975967407227,0.00028949975967407227,0.0,2.4530467894978085,nan,0,0,True,3
AlGe_15min,Al–Ge source time series,um,2,fixed,-1,0.36969627769621244,1.0117402031586067,0.3654063331100588,0.3284015331060409,0.00028949975967407227,0.0002980232238769531,8.52346420288086e-06,2.2627875478416497,nan,0,0,True,3
AlGe_15min,Al–Ge source time series,um,2,matched,110,0.3686191991572884,1.0087925844631211,0.3654063331100588,0.3284015331060409,0.00028949975967407227,0.0002894401550292969,-5.960464477539063e-08,2.2735121133955287,2.384185791015625e-07,39,21,True,3
AlGe_15min,Al–Ge source time series,um,2,matched,211,0.37057859450250236,1.014154821424197,0.3654063331100588,0.3284015331060409,0.00028949975967407227,0.0002894401550292969,-5.960464477539063e-08,2.2612603191020564,2.384185791015625e-07,39,21,True,3
AlGe_15min,Al–Ge source time series,um,2,matched,312,0.3694454475640581,1.0110537614923678,0.3654063331100588,0.3284015331060409,0.00028949975967407227,0.0002894401550292969,-5.960464477539063e-08,2.2516409456703714,2.384185791015625e-07,39,21,True,3
AlGe_15min,Al–Ge source time series,um,2,matched,413,0.3681756811850084,1.0075788179459808,0.3654063331100588,0.3284015331060409,0.00028949975967407227,0.0002894401550292969,-5.960464477539063e-08,2.2735156975618827,2.384185791015625e-07,39,21,True,3
AlGe_15min,Al–Ge source time series,um,2,matched,514,0.36757821950403374,1.005943756845946,0.3654063331100588,0.3284015331060409,0.00028949975967407227,0.0002894401550292969,-5.960464477539063e-08,2.259164858862099,2.384185791015625e-07,39,21,True,3
AlGe_15min,Al–Ge source time series,um,4,native,-1,0.3654063331100588,1.0,0.3654063331100588,0.6568030662120818,0.00028949975967407227,0.00028949975967407227,0.0,4.460327935332255,nan,0,0,True,3
AlGe_15min,Al–Ge source time series,um,4,integrated,-1,0.44884900726062776,1.2283558509792887,0.3654063331100588,0.6568030662120818,0.00028949975967407227,0.00028949975967407227,0.0,1.3756142947413834,nan,0,0,True,3
AlGe_15min,Al–Ge source time series,um,4,fixed,-1,0.3749395580180242,1.0260893806268376,0.3654063331100588,0.6568030662120818,0.00028949975967407227,0.000301361083984375,1.1861324310302734e-05,1.1314299083428085,nan,0,0,True,3
AlGe_15min,Al–Ge source time series,um,4,matched,110,0.3758718874511668,1.0286408674202037,0.3654063331100588,0.6568030662120818,0.00028949975967407227,0.0002899169921875,4.172325134277344e-07,1.109207009692386,1.9073486328125e-06,2,2,True,3
AlGe_15min,Al–Ge source time series,um,4,matched,211,0.3758718874511668,1.0286408674202037,0.3654063331100588,0.6568030662120818,0.00028949975967407227,0.0002899169921875,4.172325134277344e-07,1.109207009692386,1.9073486328125e-06,2,2,True,3
AlGe_15min,Al–Ge source time series,um,4,matched,312,0.3758718874511668,1.0286408674202037,0.3654063331100588,0.6568030662120818,0.00028949975967407227,0.0002899169921875,4.172325134277344e-07,1.109207009692386,1.9073486328125e-06,2,2,True,3
AlGe_15min,Al–Ge source time series,um,4,matched,413,0.3758718874511668,1.0286408674202037,0.3654063331100588,0.6568030662120818,0.00028949975967407227,0.0002899169921875,4.172325134277344e-07,1.109207009692386,1.9073486328125e-06,2,2,True,3
AlGe_15min,Al–Ge source time series,um,4,matched,514,0.3758718874511668,1.0286408674202037,0.3654063331100588,0.6568030662120818,0.00028949975967407227,0.0002899169921875,4.172325134277344e-07,1.109207009692386,1.9073486328125e-06,2,2,True,3
AlGe_15min,Al–Ge source time series,um,8,native,-1,0.3654063331100588,1.0,0.3654063331100588,1.3136061324241637,0.00028949975967407227,0.00028949975967407227,0.0,4.460327935332255,nan,0,0,True,3
AlGe_15min,Al–Ge source time series,um,8,integrated,-1,0.5124774132159531,1.4024864015194753,0.3654063331100588,1.3136061324241637,0.00028949975967407227,0.00028949975967407227,0.0,0.7574347179150246,nan,0,0,True,3
AlGe_15min,Al–Ge source time series,um,8,fixed,-1,0.3927150862188651,1.0747353032345528,0.3654063331100588,1.3136061324241637,0.00028949975967407227,0.000244140625,-4.5359134674072266e-05,0.5740688819347719,nan,0,0,True,3
AlGe_15min,Al–Ge source time series,um,8,matched,110,0.42071631024488837,1.1513656773928174,0.3654063331100588,1.3136061324241637,0.00028949975967407227,0.000274658203125,-1.4841556549072266e-05,0.6488297474495497,1.52587890625e-05,1,1,True,3
AlGe_15min,Al–Ge source time series,um,8,matched,211,0.42071631024488837,1.1513656773928174,0.3654063331100588,1.3136061324241637,0.00028949975967407227,0.000274658203125,-1.4841556549072266e-05,0.6488297474495497,1.52587890625e-05,1,1,True,3
AlGe_15min,Al–Ge source time series,um,8,matched,312,0.42071631024488837,1.1513656773928174,0.3654063331100588,1.3136061324241637,0.00028949975967407227,0.000274658203125,-1.4841556549072266e-05,0.6488297474495497,1.52587890625e-05,1,1,True,3
AlGe_15min,Al–Ge source time series,um,8,matched,413,0.42071631024488837,1.1513656773928174,0.3654063331100588,1.3136061324241637,0.00028949975967407227,0.000274658203125,-1.4841556549072266e-05,0.6488297474495497,1.52587890625e-05,1,1,True,3
AlGe_15min,Al–Ge source time series,um,8,matched,514,0.42071631024488837,1.1513656773928174,0.3654063331100588,1.3136061324241637,0.00028949975967407227,0.000274658203125,-1.4841556549072266e-05,0.6488297474495497,1.52587890625e-05,1,1,True,3
AlGe_105min,Al–Ge source time series,um,2,native,-1,0.6702320777560303,1.0,0.6702320777560303,0.17904246004125293,0.0035610198974609375,0.0035610198974609375,0.0,9.795002801779901,nan,0,0,True,3
AlGe_105min,Al–Ge source time series,um,2,integrated,-1,0.7036857347221014,1.0499135420048464,0.6702320777560303,0.17904246004125293,0.0035610198974609375,0.0035610198974609375,0.0,5.126183226029774,nan,0,0,True,3
AlGe_105min,Al–Ge source time series,um,2,fixed,-1,0.6749001171414774,1.006964810459499,0.6702320777560303,0.17904246004125293,0.0035610198974609375,0.0036268234252929688,6.580352783203125e-05,4.950840589495343,nan,0,0,True,3
AlGe_105min,Al–Ge source time series,um,2,matched,110,0.670612542089749,1.0005676605855578,0.6702320777560303,0.17904246004125293,0.0035610198974609375,0.0035610198974609375,0.0,4.900124535077457,2.384185791015625e-07,308,170,True,3
AlGe_105min,Al–Ge source time series,um,2,matched,211,0.6718407256816216,1.0024001356828176,0.6702320777560303,0.17904246004125293,0.0035610198974609375,0.0035610198974609375,0.0,4.908100006309858,2.384185791015625e-07,308,170,True,3
AlGe_105min,Al–Ge source time series,um,2,matched,312,0.6700879386882717,0.9997849415560036,0.6702320777560303,0.17904246004125293,0.0035610198974609375,0.0035610198974609375,0.0,4.888330693476404,2.384185791015625e-07,308,170,True,3
AlGe_105min,Al–Ge source time series,um,2,matched,413,0.6702679858144146,1.0000535755592368,0.6702320777560303,0.17904246004125293,0.0035610198974609375,0.0035610198974609375,0.0,4.9005790380034,2.384185791015625e-07,308,170,True,3
AlGe_105min,Al–Ge source time series,um,2,matched,514,0.6708596388046578,1.0009363339497694,0.6702320777560303,0.17904246004125293,0.0035610198974609375,0.0035610198974609375,0.0,4.9051637380224395,2.384185791015625e-07,308,170,True,3
AlGe_105min,Al–Ge source time series,um,4,native,-1,0.6702320777560303,1.0,0.6702320777560303,0.35808492008250586,0.0035610198974609375,0.0035610198974609375,0.0,9.795002801779901,nan,0,0,True,3
AlGe_105min,Al–Ge source time series,um,4,integrated,-1,0.745780728718576,1.1127201360094345,0.6702320777560303,0.35808492008250586,0.0035610198974609375,0.0035610198974609375,0.0,2.7092086509580153,nan,0,0,True,3
AlGe_105min,Al–Ge source time series,um,4,fixed,-1,0.6795587658810364,1.013915609882822,0.6702320777560303,0.35808492008250586,0.0035610198974609375,0.00359344482421875,3.24249267578125e-05,2.4589984646244902,nan,0,0,True,3
AlGe_105min,Al–Ge source time series,um,4,matched,110,0.6769071361808573,1.0099593240108342,0.6702320777560303,0.35808492008250586,0.0035610198974609375,0.00356292724609375,1.9073486328125e-06,2.447673725488544,1.9073486328125e-06,12,4,True,3
AlGe_105min,Al–Ge source time series,um,4,matched,211,0.6780673646648411,1.0116904086940208,0.6702320777560303,0.35808492008250586,0.0035610198974609375,0.00356292724609375,1.9073486328125e-06,2.4447825388037447,1.9073486328125e-06,12,4,True,3
AlGe_105min,Al–Ge source time series,um,4,matched,312,0.6769071361808573,1.0099593240108342,0.6702320777560303,0.35808492008250586,0.0035610198974609375,0.00356292724609375,1.9073486328125e-06,2.447673725488544,1.9073486328125e-06,12,4,True,3
AlGe_105min,Al–Ge source time series,um,4,matched,413,0.6777532564058323,1.0112217527322525,0.6702320777560303,0.35808492008250586,0.0035610198974609375,0.00356292724609375,1.9073486328125e-06,2.4383827946064938,1.9073486328125e-06,12,4,True,3
AlGe_105min,Al–Ge source time series,um,4,matched,514,0.6779910187948978,1.0115764990909488,0.6702320777560303,0.35808492008250586,0.0035610198974609375,0.00356292724609375,1.9073486328125e-06,2.447673725488544,1.9073486328125e-06,12,4,True,3
AlGe_105min,Al–Ge source time series,um,8,native,-1,0.6702320777560303,1.0,0.6702320777560303,0.7161698401650117,0.0035610198974609375,0.0035610198974609375,0.0,9.795002801779901,nan,0,0,True,3
AlGe_105min,Al–Ge source time series,um,8,integrated,-1,0.8285252230840818,1.2361766178933493,0.6702320777560303,0.7161698401650117,0.0035610198974609375,0.0035610198974609375,0.0,1.5236972672400184,nan,0,0,True,3
AlGe_105min,Al–Ge source time series,um,8,fixed,-1,0.6809306964735292,1.01596255845187,0.6702320777560303,0.7161698401650117,0.0035610198974609375,0.003448486328125,-0.0001125335693359375,1.1810347534211185,nan,0,0,True,3
AlGe_105min,Al–Ge source time series,um,8,matched,110,0.6836622712841643,1.0200381240675602,0.6702320777560303,0.7161698401650117,0.0035610198974609375,0.003570556640625,9.5367431640625e-06,1.2004270609154375,1.52587890625e-05,1,1,True,3
AlGe_105min,Al–Ge source time series,um,8,matched,211,0.6836622712841643,1.0200381240675602,0.6702320777560303,0.7161698401650117,0.0035610198974609375,0.003570556640625,9.5367431640625e-06,1.2004270609154375,1.52587890625e-05,1,1,True,3
AlGe_105min,Al–Ge source time series,um,8,matched,312,0.6836622712841643,1.0200381240675602,0.6702320777560303,0.7161698401650117,0.0035610198974609375,0.003570556640625,9.5367431640625e-06,1.2004270609154375,1.52587890625e-05,1,1,True,3
AlGe_105min,Al–Ge source time series,um,8,matched,413,0.6836622712841643,1.0200381240675602,0.6702320777560303,0.7161698401650117,0.0035610198974609375,0.003570556640625,9.5367431640625e-06,1.2004270609154375,1.52587890625e-05,1,1,True,3
AlGe_105min,Al–Ge source time series,um,8,matched,514,0.6836622712841643,1.0200381240675602,0.6702320777560303,0.7161698401650117,0.0035610198974609375,0.003570556640625,9.5367431640625e-06,1.2004270609154375,1.52587890625e-05,1,1,True,3
AlGe_195min,Al–Ge source time series,um,2,native,-1,0.15717380122557598,1.0,0.15717380122557598,0.763486020343657,0.004183411598205566,0.004183411598205566,0.0,2.317316580625216,nan,0,0,True,3
AlGe_195min,Al–Ge source time series,um,2,integrated,-1,0.21194214080652862,1.348457180229096,0.15717380122557598,0.763486020343657,0.004183411598205566,0.004183411598205566,0.0,1.5454766940388587,nan,0,0,True,3
AlGe_195min,Al–Ge source time series,um,2,fixed,-1,0.16632722182762585,1.0582375722332558,0.15717380122557598,0.763486020343657,0.004183411598205566,0.004251003265380859,6.759166717529297e-05,1.1979161105795482,nan,0,0,True,3
AlGe_195min,Al–Ge source time series,um,2,matched,110,0.16630600688276856,1.0581025946180815,0.15717380122557598,0.763486020343657,0.004183411598205566,0.004183292388916016,-1.1920928955078125e-07,1.1957911289197745,2.384185791015625e-07,1872,1730,True,3
AlGe_195min,Al–Ge source time series,um,2,matched,211,0.16617232997781772,1.0572520908833085,0.15717380122557598,0.763486020343657,0.004183411598205566,0.004183292388916016,-1.1920928955078125e-07,1.1943794042198816,2.384185791015625e-07,1872,1730,True,3
AlGe_195min,Al–Ge source time series,um,2,matched,312,0.16612053534254842,1.0569225535503344,0.15717380122557598,0.763486020343657,0.004183411598205566,0.004183292388916016,-1.1920928955078125e-07,1.192897550890685,2.384185791015625e-07,1872,1730,True,3
AlGe_195min,Al–Ge source time series,um,2,matched,413,0.16603232817742694,1.056361345738131,0.15717380122557598,0.763486020343657,0.004183411598205566,0.004183292388916016,-1.1920928955078125e-07,1.1948859762431945,2.384185791015625e-07,1872,1730,True,3
AlGe_195min,Al–Ge source time series,um,2,matched,514,0.16608499269529184,1.0566964175977809,0.15717380122557598,0.763486020343657,0.004183411598205566,0.004183292388916016,-1.1920928955078125e-07,1.1922300435501079,2.384185791015625e-07,1872,1730,True,3
AlGe_195min,Al–Ge source time series,um,4,native,-1,0.15717380122557598,1.0,0.15717380122557598,1.526972040687314,0.004183411598205566,0.004183411598205566,0.0,2.317316580625216,nan,0,0,True,3
AlGe_195min,Al–Ge source time series,um,4,integrated,-1,0.32173207726252223,2.0469828607171756,0.15717380122557598,1.526972040687314,0.004183411598205566,0.004183411598205566,0.0,0.9901044001806645,nan,0,0,True,3
AlGe_195min,Al–Ge source time series,um,4,fixed,-1,0.21005052375597186,1.3364219871128977,0.15717380122557598,1.526972040687314,0.004183411598205566,0.0027008056640625,-0.0014826059341430664,0.7497325780584918,nan,0,0,True,3
AlGe_195min,Al–Ge source time series,um,4,matched,110,0.19212539458051078,1.2223754409602414,0.15717380122557598,1.526972040687314,0.004183411598205566,0.004184722900390625,1.3113021850585938e-06,0.7205571353418473,1.9073486328125e-06,50,18,True,3
AlGe_195min,Al–Ge source time series,um,4,matched,211,0.19200382777526226,1.2216019863240324,0.15717380122557598,1.526972040687314,0.004183411598205566,0.004184722900390625,1.3113021850585938e-06,0.7215240836615945,1.9073486328125e-06,50,18,True,3
AlGe_195min,Al–Ge source time series,um,4,matched,312,0.19182792576604388,1.2204828302824609,0.15717380122557598,1.526972040687314,0.004183411598205566,0.004184722900390625,1.3113021850585938e-06,0.7205571353418473,1.9073486328125e-06,50,18,True,3
AlGe_195min,Al–Ge source time series,um,4,matched,413,0.19228105671471465,1.2233658231549207,0.15717380122557598,1.526972040687314,0.004183411598205566,0.004184722900390625,1.3113021850585938e-06,0.7224976934125918,1.9073486328125e-06,50,18,True,3
AlGe_195min,Al–Ge source time series,um,4,matched,514,0.19223807177304952,1.223092336471199,0.15717380122557598,1.526972040687314,0.004183411598205566,0.004184722900390625,1.3113021850585938e-06,0.7244405626629075,1.9073486328125e-06,50,18,True,3
AlGe_195min,Al–Ge source time series,um,8,native,-1,0.15717380122557598,1.0,0.15717380122557598,3.053944081374628,0.004183411598205566,0.004183411598205566,0.0,2.317316580625216,nan,0,0,True,3
AlGe_195min,Al–Ge source time series,um,8,integrated,-1,0.5751723217285607,3.6594668910696693,0.15717380122557598,3.053944081374628,0.004183411598205566,0.004183411598205566,0.0,0.7177789126333609,nan,0,0,True,3
AlGe_195min,Al–Ge source time series,um,8,fixed,-1,0.5955879762411936,3.7893591145410124,0.15717380122557598,3.053944081374628,0.004183411598205566,0.0013427734375,-0.0028406381607055664,0.673873648856909,nan,0,0,True,3
AlGe_195min,Al–Ge source time series,um,8,matched,110,0.3207463229468051,2.04071111372098,0.15717380122557598,3.053944081374628,0.004183411598205566,0.004180908203125,-2.5033950805664062e-06,0.5768844568974237,1.52587890625e-05,5,4,True,3
AlGe_195min,Al–Ge source time series,um,8,matched,211,0.3207463229468051,2.04071111372098,0.15717380122557598,3.053944081374628,0.004183411598205566,0.004180908203125,-2.5033950805664062e-06,0.5768844568974237,1.52587890625e-05,5,4,True,3
AlGe_195min,Al–Ge source time series,um,8,matched,312,0.3207463229468051,2.04071111372098,0.15717380122557598,3.053944081374628,0.004183411598205566,0.004180908203125,-2.5033950805664062e-06,0.5768844568974237,1.52587890625e-05,5,4,True,3
AlGe_195min,Al–Ge source time series,um,8,matched,413,0.3207463229468051,2.04071111372098,0.15717380122557598,3.053944081374628,0.004183411598205566,0.004180908203125,-2.5033950805664062e-06,0.5768844568974237,1.52587890625e-05,5,4,True,3
AlGe_195min,Al–Ge source time series,um,8,matched,514,0.3207463229468051,2.04071111372098,0.15717380122557598,3.053944081374628,0.004183411598205566,0.004180908203125,-2.5033950805664062e-06,0.5768844568974237,1.52587890625e-05,5,4,True,3
AlGe_315min,Al–Ge source time series,um,2,native,-1,0.18197293918406485,1.0,0.18197293918406485,0.6594387085138,0.006709098815917969,0.006709098815917969,0.0,2.928407425701443,nan,0,0,True,3
AlGe_315min,Al–Ge source time series,um,2,integrated,-1,0.2310344339134602,1.269608739350909,0.18197293918406485,0.6594387085138,0.006709098815917969,0.006709098815917969,0.0,1.8532831641527627,nan,0,0,True,3
AlGe_315min,Al–Ge source time series,um,2,fixed,-1,0.18922111172161316,1.039831046143717,0.18197293918406485,0.6594387085138,0.006709098815917969,0.006890296936035156,0.0001811981201171875,1.5191846173931254,nan,0,0,True,3
AlGe_315min,Al–Ge source time series,um,2,matched,110,0.18894361975133253,1.0383061382561771,0.18197293918406485,0.6594387085138,0.006709098815917969,0.006709098815917969,0.0,1.5142526360033601,2.384185791015625e-07,2528,2148,True,3
AlGe_315min,Al–Ge source time series,um,2,matched,211,0.18870171581530223,1.0369767980965086,0.18197293918406485,0.6594387085138,0.006709098815917969,0.006709098815917969,0.0,1.5141592369150763,2.384185791015625e-07,2528,2148,True,3
AlGe_315min,Al–Ge source time series,um,2,matched,312,0.18883720580088362,1.0377213592724113,0.18197293918406485,0.6594387085138,0.006709098815917969,0.006709098815917969,0.0,1.5155064821542876,2.384185791015625e-07,2528,2148,True,3
AlGe_315min,Al–Ge source time series,um,2,matched,413,0.18863611578430373,1.0366163047655075,0.18197293918406485,0.6594387085138,0.006709098815917969,0.006709098815917969,0.0,1.5138372684743482,2.384185791015625e-07,2528,2148,True,3
AlGe_315min,Al–Ge source time series,um,2,matched,514,0.18863169831526197,1.0365920293481758,0.18197293918406485,0.6594387085138,0.006709098815917969,0.006709098815917969,0.0,1.515807553153293,2.384185791015625e-07,2528,2148,True,3
AlGe_315min,Al–Ge source time series,um,4,native,-1,0.18197293918406485,1.0,0.18197293918406485,1.3188774170276,0.006709098815917969,0.006709098815917969,0.0,2.928407425701443,nan,0,0,True,3
AlGe_315min,Al–Ge source time series,um,4,integrated,-1,0.3370672621836012,1.8522933338053036,0.18197293918406485,1.3188774170276,0.006709098815917969,0.006709098815917969,0.0,1.2876289671676802,nan,0,0,True,3
AlGe_315min,Al–Ge source time series,um,4,fixed,-1,0.2115888423919189,1.1627489413571417,0.18197293918406485,1.3188774170276,0.006709098815917969,0.004871368408203125,-0.0018377304077148438,0.8412552365834184,nan,0,0,True,3
AlGe_315min,Al–Ge source time series,um,4,matched,110,0.20481891006564598,1.1255459794407812,0.18197293918406485,1.3188774170276,0.006709098815917969,0.006710052490234375,9.5367431640625e-07,0.8327158114605993,1.9073486328125e-06,78,32,True,3
AlGe_315min,Al–Ge source time series,um,4,matched,211,0.20495178870824451,1.1262761904446499,0.18197293918406485,1.3188774170276,0.006709098815917969,0.006710052490234375,9.5367431640625e-07,0.8351364535458796,1.9073486328125e-06,78,32,True,3
AlGe_315min,Al–Ge source time series,um,4,matched,312,0.20448249714000485,1.1236972818973467,0.18197293918406485,1.3188774170276,0.006709098815917969,0.006710052490234375,9.5367431640625e-07,0.8318994458487903,1.9073486328125e-06,78,32,True,3
AlGe_315min,Al–Ge source time series,um,4,matched,413,0.2052993380829525,1.1281860863680018,0.18197293918406485,1.3188774170276,0.006709098815917969,0.006710052490234375,9.5367431640625e-07,0.8343207686110202,1.9073486328125e-06,78,32,True,3
AlGe_315min,Al–Ge source time series,um,4,matched,514,0.20530390224406384,1.1282111679055742,0.18197293918406485,1.3188774170276,0.006709098815917969,0.006710052490234375,9.5367431640625e-07,0.8335175174410492,1.9073486328125e-06,78,32,True,3
AlGe_315min,Al–Ge source time series,um,8,native,-1,0.18197293918406485,1.0,0.18197293918406485,2.6377548340552,0.006709098815917969,0.006709098815917969,0.0,2.928407425701443,nan,0,0,True,3
AlGe_315min,Al–Ge source time series,um,8,integrated,-1,0.5890560514743997,3.237053015220972,0.18197293918406485,2.6377548340552,0.006709098815917969,0.006709098815917969,0.0,0.9292144078866382,nan,0,0,True,3
AlGe_315min,Al–Ge source time series,um,8,fixed,-1,0.6919413991063488,3.8024411882826876,0.18197293918406485,2.6377548340552,0.006709098815917969,0.0020751953125,-0.004633903503417969,0.943874600057313,nan,0,0,True,3
AlGe_315min,Al–Ge source time series,um,8,matched,110,0.3274167966751025,1.799260912876292,0.18197293918406485,2.6377548340552,0.006709098815917969,0.0067138671875,4.76837158203125e-06,0.6303601984280963,1.52587890625e-05,2,1,True,3
AlGe_315min,Al–Ge source time series,um,8,matched,211,0.3274167966751025,1.799260912876292,0.18197293918406485,2.6377548340552,0.006709098815917969,0.0067138671875,4.76837158203125e-06,0.6303601984280963,1.52587890625e-05,2,1,True,3
AlGe_315min,Al–Ge source time series,um,8,matched,312,0.3274167966751025,1.799260912876292,0.18197293918406485,2.6377548340552,0.006709098815917969,0.0067138671875,4.76837158203125e-06,0.6303601984280963,1.52587890625e-05,2,1,True,3
AlGe_315min,Al–Ge source time series,um,8,matched,413,0.3274167966751025,1.799260912876292,0.18197293918406485,2.6377548340552,0.006709098815917969,0.0067138671875,4.76837158203125e-06,0.6303601984280963,1.52587890625e-05,2,1,True,3
AlGe_315min,Al–Ge source time series,um,8,matched,514,0.3274167966751025,1.799260912876292,0.18197293918406485,2.6377548340552,0.006709098815917969,0.0067138671875,4.76837158203125e-06,0.6303601984280963,1.52587890625e-05,2,1,True,3
