composition,comparison,nominal_t_max,actual_t_min,actual_t_max,points,delta_alpha,original_low,original_high,draws5000_low,draws5000_high,leave_one_out_min,leave_one_out_max
0.15,integrated-minus-native,20000,1091,17913,17,-0.03006244242178155,-0.03404843739731125,-0.025627277984752717,-0.034705720834856686,-0.025229758041585514,-0.03141871961136586,-0.02894408854141564
0.15,segmented-minus-integrated,20000,1091,17913,17,-0.043832298290067184,-0.046839073249898965,-0.04056806368626222,-0.04723451709867642,-0.040642996699404355,-0.044598715417405704,-0.042932452092555806
0.15,segmented-minus-native,20000,1091,17913,17,-0.07389474071184868,-0.07746503510017877,-0.06925622558513184,-0.07769395468064873,-0.06956739912467495,-0.07546241017876648,-0.07312032901456164
0.15,integrated-minus-native,200000,1091,173983,30,-0.03792478313086742,-0.03942760151387381,-0.03648307870253403,-0.039481224513443026,-0.036392312480225245,-0.03825199701764084,-0.03740290451863265
0.15,segmented-minus-integrated,200000,1091,173983,30,-0.012133929245290803,-0.014115431116072087,-0.010191069442587887,-0.013978782415994324,-0.010419750332077435,-0.012569134499582552,-0.011637176932894233
0.15,segmented-minus-native,200000,1091,173983,30,-0.05005871237615822,-0.05158229432314577,-0.0482404253657552,-0.05173840205348961,-0.04833856076559723,-0.05045805559102792,-0.04971816978393365
0.5,integrated-minus-native,20000,1091,17913,17,-0.0014489876732236007,-0.003377070420995336,0.0008495137549236077,-0.00372056414793655,0.0007531657315566633,-0.0019102754614273298,-0.000832883177298599
0.5,segmented-minus-integrated,20000,1091,17913,17,-0.054457750196649,-0.056348986536485124,-0.052190236262750794,-0.05649707919687596,-0.052172500556172105,-0.0551898789250799,-0.054095862057179256
0.5,segmented-minus-native,20000,1091,17913,17,-0.05590673786987266,-0.05877901424331067,-0.05299200177032072,-0.0589476700446228,-0.052773401874671826,-0.05669064225364695,-0.05494935037117302
0.5,integrated-minus-native,200000,1091,173983,30,-0.023801596551245224,-0.02491639867352376,-0.022711978383409957,-0.024977179481552092,-0.02269643030348202,-0.02404443672863596,-0.023430180553402735
0.5,segmented-minus-integrated,200000,1091,173983,30,-0.011813128112072302,-0.012728381643064664,-0.011014969366234535,-0.01269242285773839,-0.010915151007390303,-0.012020884762362627,-0.011624795505687124
0.5,segmented-minus-native,200000,1091,173983,30,-0.0356147246633175,-0.036654386688986046,-0.03466458251578052,-0.03662049232718239,-0.0346703941191706,-0.03581716078182848,-0.03529367645175702
