id,specimen,crop_fraction,crop_origin_zyx,crop_shape_zyx,factor,stage,unit,spacing_zyx,unknown_voxels_in_full_box,integration_mean_error,tie_fraction,mean_value,half_height,positive_lobe,half_height_status,chord_length,complete_chords,censored_boundary_runs,half_height_z,positive_lobe_z,half_height_y,positive_lobe_y,half_height_x,positive_lobe_x,half_height_ratio_to_same_crop,half_height_ratio_to_full_box,positive_lobe_ratio_to_same_crop,positive_lobe_ratio_to_full_box,chord_length_ratio_to_same_crop,chord_length_ratio_to_full_box
AlGe_15min,Al–Ge source time series,1.0,"[0, 0, 0]","[256, 256, 256]",1,native,um,"[0.06, 0.06, 0.06]",0,0.0,0.0,0.00028949975967407227,0.3654063331100588,0.44821820162716425,resolved,0.8900369003690063,271,198188,0.3527564514854141,0.43162651418500586,0.4758428717248272,0.5942933419775394,0.26761967611993526,0.31873474871894725,1.0,1.0,1.0,1.0,1.0,1.0
AlGe_15min,Al–Ge source time series,1.0,"[0, 0, 0]","[256, 256, 256]",2,integrated,um,"[0.12, 0.12, 0.12]",0,0.0,1.8596649169921875e-05,0.00028949975967407227,0.4022608044046681,0.4788560376032464,resolved,nan,0,0,0.38735739573433176,0.46143483032802873,0.5250594027399357,0.6346674479923998,0.294365614739737,0.3404658344893106,1.100858873958019,1.100858873958019,1.0683547340667063,1.0683547340667063,nan,nan
AlGe_15min,Al–Ge source time series,1.0,"[0, 0, 0]","[256, 256, 256]",2,segmented,um,"[0.12, 0.12, 0.12]",0,0.0,1.8596649169921875e-05,0.0002980232238769531,0.36969627769621244,0.45660046863246495,resolved,1.1191836734693876,49,49537,0.35694320199013724,0.44031888467727276,0.4806111253575021,0.6070592894502598,0.27153450574099797,0.3224232317698623,1.0117402031586067,1.0117402031586067,1.018701308815373,1.018701308815373,1.2574576099096317,1.2574576099096317
AlGe_15min,Al–Ge source time series,1.0,"[0, 0, 0]","[256, 256, 256]",4,integrated,um,"[0.24, 0.24, 0.24]",0,0.0,7.62939453125e-06,0.00028949975967407227,0.44884900726062776,0.5148686803622994,resolved,nan,0,0,0.42850950001642435,0.4966290896100413,0.587890091027527,0.6815808394351938,0.330147430737932,0.3663961120416632,1.2283558509792887,1.2283558509792887,1.1487009641580244,1.1487009641580244,nan,nan
AlGe_15min,Al–Ge source time series,1.0,"[0, 0, 0]","[256, 256, 256]",4,segmented,um,"[0.24, 0.24, 0.24]",0,0.0,7.62939453125e-06,0.000301361083984375,0.3749395580180242,0.4710113200035932,resolved,0.72,9,12377,0.3580539973446279,0.4490447570342341,0.4952214987071707,0.6291493399728808,0.27154317800227407,0.3348398630036646,1.0260893806268376,1.0260893806268376,1.0508527281883762,1.0508527281883762,0.8089552238805946,0.8089552238805946
AlGe_15min,Al–Ge source time series,0.75,"[32, 32, 32]","[192, 192, 192]",1,native,um,"[0.06, 0.06, 0.06]",0,0.0,0.0,0.0,nan,nan,unresolved,nan,0,110592,nan,nan,nan,nan,nan,nan,nan,nan,nan,nan,nan,nan
AlGe_15min,Al–Ge source time series,0.75,"[32, 32, 32]","[192, 192, 192]",2,integrated,um,"[0.12, 0.12, 0.12]",0,0.0,0.0,0.0,nan,nan,unresolved,nan,0,0,nan,nan,nan,nan,nan,nan,nan,nan,nan,nan,nan,nan
AlGe_15min,Al–Ge source time series,0.75,"[32, 32, 32]","[192, 192, 192]",2,segmented,um,"[0.12, 0.12, 0.12]",0,0.0,0.0,0.0,nan,nan,unresolved,nan,0,27648,nan,nan,nan,nan,nan,nan,nan,nan,nan,nan,nan,nan
AlGe_15min,Al–Ge source time series,0.75,"[32, 32, 32]","[192, 192, 192]",4,integrated,um,"[0.24, 0.24, 0.24]",0,0.0,0.0,0.0,nan,nan,unresolved,nan,0,0,nan,nan,nan,nan,nan,nan,nan,nan,nan,nan,nan,nan
AlGe_15min,Al–Ge source time series,0.75,"[32, 32, 32]","[192, 192, 192]",4,segmented,um,"[0.24, 0.24, 0.24]",0,0.0,0.0,0.0,nan,nan,unresolved,nan,0,6912,nan,nan,nan,nan,nan,nan,nan,nan,nan,nan,nan,nan
AlGe_15min,Al–Ge source time series,0.5,"[64, 64, 64]","[128, 128, 128]",1,native,um,"[0.06, 0.06, 0.06]",0,0.0,0.0,0.0,nan,nan,unresolved,nan,0,49152,nan,nan,nan,nan,nan,nan,nan,nan,nan,nan,nan,nan
AlGe_15min,Al–Ge source time series,0.5,"[64, 64, 64]","[128, 128, 128]",2,integrated,um,"[0.12, 0.12, 0.12]",0,0.0,0.0,0.0,nan,nan,unresolved,nan,0,0,nan,nan,nan,nan,nan,nan,nan,nan,nan,nan,nan,nan
AlGe_15min,Al–Ge source time series,0.5,"[64, 64, 64]","[128, 128, 128]",2,segmented,um,"[0.12, 0.12, 0.12]",0,0.0,0.0,0.0,nan,nan,unresolved,nan,0,12288,nan,nan,nan,nan,nan,nan,nan,nan,nan,nan,nan,nan
AlGe_15min,Al–Ge source time series,0.5,"[64, 64, 64]","[128, 128, 128]",4,integrated,um,"[0.24, 0.24, 0.24]",0,0.0,0.0,0.0,nan,nan,unresolved,nan,0,0,nan,nan,nan,nan,nan,nan,nan,nan,nan,nan,nan,nan
AlGe_15min,Al–Ge source time series,0.5,"[64, 64, 64]","[128, 128, 128]",4,segmented,um,"[0.24, 0.24, 0.24]",0,0.0,0.0,0.0,nan,nan,unresolved,nan,0,3072,nan,nan,nan,nan,nan,nan,nan,nan,nan,nan,nan,nan
AlGe_105min,Al–Ge source time series,1.0,"[0, 0, 0]","[256, 256, 256]",1,native,um,"[0.06, 0.06, 0.06]",0,0.0,0.0,0.0035610198974609375,0.6702320777560303,0.9257300933914093,resolved,1.5183912712509504,3941,205928,0.587700168106794,1.0869149270268963,0.6333887657805367,0.7361168300413967,0.7896072993807602,0.9541585231059346,1.0,1.0,1.0,1.0,1.0,1.0
AlGe_105min,Al–Ge source time series,1.0,"[0, 0, 0]","[256, 256, 256]",2,integrated,um,"[0.12, 0.12, 0.12]",0,0.0,0.0001468658447265625,0.0035610198974609375,0.7036857347221014,0.9618128805028151,resolved,nan,0,0,0.6151419871235728,1.1300655036532388,0.6657735666725448,0.7643444799051816,0.8301416503701863,0.9910286579500245,1.0499135420048464,1.0499135420048464,1.0389776538204745,1.0389776538204745,nan,nan
AlGe_105min,Al–Ge source time series,1.0,"[0, 0, 0]","[256, 256, 256]",2,segmented,um,"[0.12, 0.12, 0.12]",0,0.0,0.0001468658447265625,0.0036268234252929688,0.6749001171414774,0.9342127028678577,resolved,1.527284079084286,961,51472,0.5941008707394411,1.1016936952287046,0.6380834707100911,0.7420643016625718,0.7925160099748998,0.958880111712297,1.006964810459499,1.006964810459499,1.0091631562342025,1.0091631562342025,1.0058567300811794,1.0058567300811794
AlGe_105min,Al–Ge source time series,1.0,"[0, 0, 0]","[256, 256, 256]",4,integrated,um,"[0.24, 0.24, 0.24]",0,0.0,4.57763671875e-05,0.0035610198974609375,0.745780728718576,1.006127573760753,resolved,nan,0,0,0.6502100762299237,1.185569340825191,0.7040014065601821,0.7974444703108162,0.8831307033656222,1.035368910146251,1.1127201360094345,1.1127201360094345,1.0868476470013064,1.0868476470013064,nan,nan
AlGe_105min,Al–Ge source time series,1.0,"[0, 0, 0]","[256, 256, 256]",4,segmented,um,"[0.24, 0.24, 0.24]",0,0.0,4.57763671875e-05,0.00359344482421875,0.6795587658810364,0.9361821206594131,resolved,1.511266375545852,229,12842,0.5901596315098776,1.0928984539653168,0.635393771528274,0.7403872846551867,0.8131228946049575,0.9752606233577359,1.013915609882822,1.013915609882822,1.0112905773968228,1.0112905773968228,0.9953076023025156,0.9953076023025156
AlGe_105min,Al–Ge source time series,0.75,"[32, 32, 32]","[192, 192, 192]",1,native,um,"[0.06, 0.06, 0.06]",0,0.0,0.0,0.0,nan,nan,unresolved,nan,0,110592,nan,nan,nan,nan,nan,nan,nan,nan,nan,nan,nan,nan
AlGe_105min,Al–Ge source time series,0.75,"[32, 32, 32]","[192, 192, 192]",2,integrated,um,"[0.12, 0.12, 0.12]",0,0.0,0.0,0.0,nan,nan,unresolved,nan,0,0,nan,nan,nan,nan,nan,nan,nan,nan,nan,nan,nan,nan
AlGe_105min,Al–Ge source time series,0.75,"[32, 32, 32]","[192, 192, 192]",2,segmented,um,"[0.12, 0.12, 0.12]",0,0.0,0.0,0.0,nan,nan,unresolved,nan,0,27648,nan,nan,nan,nan,nan,nan,nan,nan,nan,nan,nan,nan
AlGe_105min,Al–Ge source time series,0.75,"[32, 32, 32]","[192, 192, 192]",4,integrated,um,"[0.24, 0.24, 0.24]",0,0.0,0.0,0.0,nan,nan,unresolved,nan,0,0,nan,nan,nan,nan,nan,nan,nan,nan,nan,nan,nan,nan
AlGe_105min,Al–Ge source time series,0.75,"[32, 32, 32]","[192, 192, 192]",4,segmented,um,"[0.24, 0.24, 0.24]",0,0.0,0.0,0.0,nan,nan,unresolved,nan,0,6912,nan,nan,nan,nan,nan,nan,nan,nan,nan,nan,nan,nan
AlGe_105min,Al–Ge source time series,0.5,"[64, 64, 64]","[128, 128, 128]",1,native,um,"[0.06, 0.06, 0.06]",0,0.0,0.0,0.0,nan,nan,unresolved,nan,0,49152,nan,nan,nan,nan,nan,nan,nan,nan,nan,nan,nan,nan
AlGe_105min,Al–Ge source time series,0.5,"[64, 64, 64]","[128, 128, 128]",2,integrated,um,"[0.12, 0.12, 0.12]",0,0.0,0.0,0.0,nan,nan,unresolved,nan,0,0,nan,nan,nan,nan,nan,nan,nan,nan,nan,nan,nan,nan
AlGe_105min,Al–Ge source time series,0.5,"[64, 64, 64]","[128, 128, 128]",2,segmented,um,"[0.12, 0.12, 0.12]",0,0.0,0.0,0.0,nan,nan,unresolved,nan,0,12288,nan,nan,nan,nan,nan,nan,nan,nan,nan,nan,nan,nan
AlGe_105min,Al–Ge source time series,0.5,"[64, 64, 64]","[128, 128, 128]",4,integrated,um,"[0.24, 0.24, 0.24]",0,0.0,0.0,0.0,nan,nan,unresolved,nan,0,0,nan,nan,nan,nan,nan,nan,nan,nan,nan,nan,nan,nan
AlGe_105min,Al–Ge source time series,0.5,"[64, 64, 64]","[128, 128, 128]",4,segmented,um,"[0.24, 0.24, 0.24]",0,0.0,0.0,0.0,nan,nan,unresolved,nan,0,3072,nan,nan,nan,nan,nan,nan,nan,nan,nan,nan,nan,nan
AlGe_195min,Al–Ge source time series,1.0,"[0, 0, 0]","[256, 256, 256]",1,native,um,"[0.06, 0.06, 0.06]",0,0.0,0.0,0.004183411598205566,0.15717380122557598,nan,resolved,0.742500334746799,44810,238141,0.15544788184482722,0.45047779457879317,0.17703452699438774,nan,0.13903899483751295,0.2001083063223743,1.0,1.0,nan,nan,1.0,1.0
AlGe_195min,Al–Ge source time series,1.0,"[0, 0, 0]","[256, 256, 256]",2,integrated,um,"[0.12, 0.12, 0.12]",0,0.0,0.00089263916015625,0.004183411598205566,0.21194214080652862,nan,resolved,nan,0,0,0.21545386988853218,0.5662211994884768,0.23491534924639065,nan,0.18545720328466303,0.2428850716606816,1.348457180229096,1.348457180229096,nan,nan,nan,nan
AlGe_195min,Al–Ge source time series,1.0,"[0, 0, 0]","[256, 256, 256]",2,segmented,um,"[0.12, 0.12, 0.12]",0,0.0,0.00089263916015625,0.004251003265380859,0.16632722182762585,nan,resolved,0.7467570709026591,10324,59007,0.16926325465132916,0.4591258718904826,0.18596847756200266,nan,0.14374993326954577,0.2059923022339798,1.0582375722332558,1.0582375722332558,nan,nan,1.0057329754030504,1.0057329754030504
AlGe_195min,Al–Ge source time series,1.0,"[0, 0, 0]","[256, 256, 256]",4,integrated,um,"[0.24, 0.24, 0.24]",0,0.0,0.0001068115234375,0.004183411598205566,0.32173207726252223,nan,resolved,nan,0,0,0.3550664754631063,0.7527098030554636,0.37250470028110094,nan,0.23762505604335946,0.30351520104723884,2.0469828607171756,2.0469828607171756,nan,nan,nan,nan
AlGe_195min,Al–Ge source time series,1.0,"[0, 0, 0]","[256, 256, 256]",4,segmented,um,"[0.24, 0.24, 0.24]",0,0.0,0.0001068115234375,0.0027008056640625,0.21005052375597186,nan,resolved,0.682169907881274,977,13463,0.21903926792381853,0.648976380512163,0.23117648461005905,nan,0.17993581873403802,0.25352573770682973,1.3364219871128977,1.3364219871128977,nan,nan,0.9187469364763339,0.9187469364763339
AlGe_195min,Al–Ge source time series,0.75,"[32, 32, 32]","[192, 192, 192]",1,native,um,"[0.06, 0.06, 0.06]",0,0.0,0.0,0.0028025309244791665,0.11050122729127748,0.12937035829420687,resolved,0.44373809921496804,17961,126815,0.10349551154659248,0.12078406915041853,0.12106657771076645,0.14362587792602619,0.10694159261647353,0.12370112780617586,1.0,0.7030511855642279,1.0,nan,1.0,0.5976268002172521
AlGe_195min,Al–Ge source time series,0.75,"[32, 32, 32]","[192, 192, 192]",2,integrated,um,"[0.12, 0.12, 0.12]",0,0.0,0.0008420591001157407,0.0028025309244791665,0.15209461177762965,0.161773723316,resolved,nan,0,0,0.14389430386942376,0.15294045746528193,0.16533815309377384,0.1771810947967671,0.14705137836969143,0.15519961768595095,1.376406538695841,0.9676842488484664,1.250469778773459,nan,nan,nan
AlGe_195min,Al–Ge source time series,0.75,"[32, 32, 32]","[192, 192, 192]",2,segmented,um,"[0.12, 0.12, 0.12]",0,0.0,0.0008420591001157407,0.00284717701099537,0.11310164986156072,0.13639158623695488,resolved,0.4489189842805142,4135,31455,0.10880291898742409,0.13103763211165806,0.12209656687037755,0.14853599214005678,0.10840546372688055,0.12960113445914984,1.0235329745562791,0.7195960712258727,1.0542723080876124,nan,1.0116755470731764,0.6046044200553804
AlGe_195min,Al–Ge source time series,0.75,"[32, 32, 32]","[192, 192, 192]",4,integrated,um,"[0.24, 0.24, 0.24]",0,0.0,4.521122685185185e-05,0.0028025309244791665,0.18363048471834834,0.20638162511231664,resolved,nan,0,0,0.17449215495617204,0.19746081262688991,0.1981966180468674,0.22182043022748676,0.17820268115200558,0.19986363248257324,1.661795884260223,1.168327566594904,1.5952775259613567,nan,nan,nan
AlGe_195min,Al–Ge source time series,0.75,"[32, 32, 32]","[192, 192, 192]",4,segmented,um,"[0.24, 0.24, 0.24]",0,0.0,4.521122685185185e-05,0.0012297453703703704,0.13161637746767538,0.14114459168173102,resolved,0.3211267605633783,355,7280,0.126502514062947,0.13376155964520384,0.13980520008558298,0.15386337818977905,0.12854141825449616,0.13580883721021014,1.1910852095854019,0.8373938687070337,1.091011832561736,nan,0.7236853475766323,0.43249375863633266
AlGe_195min,Al–Ge source time series,0.5,"[64, 64, 64]","[128, 128, 128]",1,native,um,"[0.06, 0.06, 0.06]",0,0.0,0.0,0.0027074813842773438,0.10837915270708166,0.12747784546712346,resolved,0.2828165119494253,5063,54065,0.10277026520624874,0.12505245798488937,0.11711716098017282,0.13742147077088387,0.10525003193482348,0.11995960764559713,1.0,0.6895497332378938,1.0,nan,1.0,0.38089748746829716
AlGe_195min,Al–Ge source time series,0.5,"[64, 64, 64]","[128, 128, 128]",2,integrated,um,"[0.12, 0.12, 0.12]",0,0.0,0.000804901123046875,0.0027074813842773438,0.14962615092898032,0.16053988652991416,resolved,nan,0,0,0.1436956294406807,0.15906776738412853,0.16100840127576618,0.17198286514512148,0.14417442207049402,0.1505690270604925,1.380580556238317,0.9519789542675546,1.2593551918110932,nan,nan,nan
AlGe_195min,Al–Ge source time series,0.5,"[64, 64, 64]","[128, 128, 128]",2,segmented,um,"[0.12, 0.12, 0.12]",0,0.0,0.000804901123046875,0.002742767333984375,0.11121717380983347,0.13545128112928137,resolved,0.29238999137187693,1159,13436,0.10782189309330789,0.13479658345797843,0.11936525902180689,0.1447453547452354,0.1064643693143856,0.12681190518463029,1.026186042535525,0.7076063118828212,1.0625476186308331,nan,1.0338504967636528,0.39379105663512626
AlGe_195min,Al–Ge source time series,0.5,"[64, 64, 64]","[128, 128, 128]",4,integrated,um,"[0.24, 0.24, 0.24]",0,0.0,3.0517578125e-05,0.0027074813842773438,0.18105205307970937,0.20630589707102667,resolved,nan,0,0,0.17977819339362103,0.2093618276652305,0.19020563495466894,0.21518729342218737,0.1731723308908381,0.19436857012566214,1.6705431677348697,1.1519225956739654,1.6183666763040248,nan,nan,nan
AlGe_195min,Al–Ge source time series,0.5,"[64, 64, 64]","[128, 128, 128]",4,segmented,um,"[0.24, 0.24, 0.24]",0,0.0,3.0517578125e-05,0.001220703125,0.12780112800525853,0.13616569047141894,resolved,0.2554128440366967,109,3184,0.12990449981050195,0.14427919130856745,0.13364725636423033,0.14436625226464606,0.11985162784104333,0.11985162784104333,1.1792039780073664,0.8131197884680427,1.0681518029463095,nan,0.9031044272350368,0.3439902072553211
AlGe_315min,Al–Ge source time series,1.0,"[0, 0, 0]","[256, 256, 256]",1,native,um,"[0.06, 0.06, 0.06]",0,0.0,0.0,0.006709098815917969,0.18197293918406485,0.370980118622708,resolved,0.8839445432796551,65204,251622,0.18741743741185748,0.3204408546174933,0.17570444554208658,0.28603352813386335,0.18279693459825047,0.5064659731167676,1.0,1.0,1.0,1.0,1.0,1.0
AlGe_315min,Al–Ge source time series,1.0,"[0, 0, 0]","[256, 256, 256]",2,integrated,um,"[0.12, 0.12, 0.12]",0,0.0,0.0012054443359375,0.006709098815917969,0.2310344339134602,0.44707692335195376,resolved,nan,0,0,0.23516482652879625,0.3817157307784841,0.22239397969833152,0.34146494328484095,0.23554449551325288,0.618050095992536,1.269608739350909,1.269608739350909,1.205123673505095,1.205123673505095,nan,nan
AlGe_315min,Al–Ge source time series,1.0,"[0, 0, 0]","[256, 256, 256]",2,segmented,um,"[0.12, 0.12, 0.12]",0,0.0,0.0012054443359375,0.006890296936035156,0.18922111172161316,0.37359137717733937,resolved,0.9000077091096083,15566,62607,0.19272905041979346,0.3220039293503549,0.18230215408717504,0.287807493546946,0.192632130657871,0.5109627086347173,1.039831046143717,1.039831046143717,1.007038809961908,1.007038809961908,1.0181721420784553,1.0181721420784553
AlGe_315min,Al–Ge source time series,1.0,"[0, 0, 0]","[256, 256, 256]",4,integrated,um,"[0.24, 0.24, 0.24]",0,0.0,0.000156402587890625,0.006709098815917969,0.3370672621836012,0.5607608882047451,resolved,nan,0,0,0.3376006495463779,0.46800975338361767,0.30903095212024323,0.4202175106836043,0.36457018488418247,0.7940554005470135,1.8522933338053036,1.8522933338053036,1.511565876593637,1.511565876593637,nan,nan
AlGe_315min,Al–Ge source time series,1.0,"[0, 0, 0]","[256, 256, 256]",4,segmented,um,"[0.24, 0.24, 0.24]",0,0.0,0.000156402587890625,0.004871368408203125,0.2115888423919189,0.46035211644815605,resolved,0.7705958938407689,1997,14327,0.21273084159656708,0.3788113674883292,0.2019012567800204,0.34340323451544424,0.22013442879916933,0.6588417473406947,1.1627489413571417,1.1627489413571417,1.2409077827600261,1.2409077827600261,0.8717695014911971,0.8717695014911971
AlGe_315min,Al–Ge source time series,0.75,"[32, 32, 32]","[192, 192, 192]",1,native,um,"[0.06, 0.06, 0.06]",0,0.0,0.0,0.00496744226526331,0.13332671005633187,0.15490916026439341,resolved,0.6084727101517572,27611,133781,0.1370516464134434,0.15977317599123492,0.13219230392121536,0.15319613017954498,0.13073617983433683,0.15175817462240032,1.0,0.7326732790828447,1.0,0.4175672832266739,1.0,0.6883607289368758
AlGe_315min,Al–Ge source time series,0.75,"[32, 32, 32]","[192, 192, 192]",2,integrated,um,"[0.12, 0.12, 0.12]",0,0.0,0.0011913158275462963,0.00496744226526331,0.17480229319167884,0.18794794817499116,resolved,nan,0,0,0.17747189671832922,0.19239961809594203,0.17393631477935825,0.1862234660444539,0.17299866807734898,0.18522076038457758,1.3110823263982372,0.960594987229761,1.2132784649675223,0.5066253924139177,nan,nan
AlGe_315min,Al–Ge source time series,0.75,"[32, 32, 32]","[192, 192, 192]",2,segmented,um,"[0.12, 0.12, 0.12]",0,0.0,0.0011913158275462963,0.005105477792245371,0.13622283398835863,0.16077454754195622,resolved,0.6217997853747858,6523,33282,0.13799218600789828,0.16418528721731787,0.1350240893461973,0.15887489299656618,0.13565222661098034,0.15926346241198466,1.0217220085217966,0.748588414294775,1.0378633985721177,0.4333777997021619,1.021902502775687,0.7034375517130896
AlGe_315min,Al–Ge source time series,0.75,"[32, 32, 32]","[192, 192, 192]",4,integrated,um,"[0.24, 0.24, 0.24]",0,0.0,0.00017180266203703704,0.00496744226526331,0.20669117537438286,0.22914097377524204,resolved,nan,0,0,0.20864324923650457,0.23227800541786492,0.2055890211661682,0.22738168805132625,0.20584125572047587,0.22776322785653497,1.5502608238593285,1.1358346812506865,1.4791957646930138,0.6176637568232642,nan,nan
AlGe_315min,Al–Ge source time series,0.75,"[32, 32, 32]","[192, 192, 192]",4,segmented,um,"[0.24, 0.24, 0.24]",0,0.0,0.00017180266203703704,0.002974898726851852,0.14936968101416478,0.16905851999174426,resolved,0.5007106598984812,788,7671,0.14988626261595467,0.17103715275354914,0.1453769171523125,0.16253230457715623,0.15284586327422714,0.17360610264452736,1.1203282594391972,0.8208345794924925,1.0913397226038875,0.4557077630450573,0.8228974801081885,0.566450309247591
AlGe_315min,Al–Ge source time series,0.5,"[64, 64, 64]","[128, 128, 128]",1,native,um,"[0.06, 0.06, 0.06]",0,0.0,0.0,0.004887580871582031,0.1286085634421426,0.14932390214260763,resolved,0.40485202492209654,7704,56551,0.135228435733662,0.15977421692454216,0.12699685270081618,0.1463273510542238,0.12360040189194964,0.14187013844905697,1.0,0.706745541500847,1.0,0.4025118723261613,1.0,0.45800613624469516
AlGe_315min,Al–Ge source time series,0.5,"[64, 64, 64]","[128, 128, 128]",2,integrated,um,"[0.12, 0.12, 0.12]",0,0.0,0.00122833251953125,0.004887580871582031,0.16949277967449686,0.18182564297441592,resolved,nan,0,0,0.17646600114643166,0.19402971743399358,0.16780146697157433,0.17777817577137994,0.16421087090548464,0.17366903571787418,1.3178965314447892,0.9314174977580355,1.2176593322666347,0.4901223376860665,nan,nan
AlGe_315min,Al–Ge source time series,0.5,"[64, 64, 64]","[128, 128, 128]",2,segmented,um,"[0.12, 0.12, 0.12]",0,0.0,0.00122833251953125,0.005008697509765625,0.13006164457008848,0.15537746746768408,resolved,0.41960044395117213,1802,14079,0.13570900660497306,0.1653052230011307,0.12860468274498704,0.15110184252116912,0.1258712443603053,0.14972533688075237,1.0112984788030819,0.714730691020667,1.040539828106656,0.4188296344411522,1.0364291595970492,0.474690914878381
AlGe_315min,Al–Ge source time series,0.5,"[64, 64, 64]","[128, 128, 128]",4,integrated,um,"[0.24, 0.24, 0.24]",0,0.0,0.00018310546875,0.004887580871582031,0.19745931722564578,0.22112006558169414,resolved,nan,0,0,0.20914056063110217,0.23639070857256073,0.1956091598619982,0.21729256679343453,0.18762823118383695,0.20967692137908706,1.5353512389902184,1.0851026427941384,1.480808245759072,0.5960428995565025,nan,nan
AlGe_315min,Al–Ge source time series,0.5,"[64, 64, 64]","[128, 128, 128]",4,segmented,um,"[0.24, 0.24, 0.24]",0,0.0,0.00018310546875,0.002960205078125,0.14763824054047003,0.1680453149428541,resolved,0.3528110599078339,217,3306,0.15620552374043653,0.18675000253717464,0.1406164938170151,0.15485300082961007,0.14609270406395847,0.1625329414617776,1.147965863151005,0.8113197555771443,1.1253745216379833,0.4529766057726628,0.8714568241957624,0.3991325729539737
