composition,factor,stage,nominal_t_max,retained_points,actual_t_min,actual_t_max,native_alpha,alpha,delta_alpha,low,high,tie_delta_min,tie_delta_max,independent_trajectories
0.5,2,integrated,20000,17,1091,17913,0.23369247807769436,0.1974203728105785,-0.036272105267115856,-0.037169382355504675,-0.03542193102861401,nan,nan,16
0.5,2,fixed,20000,17,1091,17913,0.23369247807769436,0.22897419877397604,-0.00471827930371832,-0.006031632513884909,-0.0032431338906985237,nan,nan,16
0.5,2,matched,20000,17,1091,17913,0.23369247807769436,0.2341868090138766,0.0004943309361822301,-0.00023233576265353832,0.001271914298977986,0.00016758116019660596,0.0007932322520242951,16
0.5,2,integrated,200000,30,1091,173983,0.2562094871610744,0.2243404225939799,-0.031869064567094485,-0.03241950480058277,-0.03135377926569356,nan,nan,16
0.5,2,fixed,200000,30,1091,173983,0.2562094871610744,0.24932150800428898,-0.0068879791567854065,-0.00755278595486312,-0.006181192854841982,nan,nan,16
0.5,2,matched,200000,30,1091,173983,0.2562094871610744,0.2542530788603172,-0.001956408300757162,-0.002302224947679022,-0.0016111278348470732,-0.0022846051816465263,-0.0016270093995848223,16
0.5,4,integrated,20000,17,1091,17913,0.23369247807769436,0.23224349040447076,-0.0014489876732236007,-0.0033770704209953374,0.0008495137549235944,nan,nan,16
0.5,4,fixed,20000,17,1091,17913,0.23369247807769436,0.1777857402078217,-0.05590673786987266,-0.05877901424331068,-0.05299200177032069,nan,nan,16
0.5,4,matched,20000,17,1091,17913,0.23369247807769436,0.17737240614601635,-0.05632007193167801,-0.058852195752274995,-0.0533133911471816,-0.05683556955174918,-0.05600640213898861,16
0.5,4,integrated,200000,30,1091,173983,0.2562094871610744,0.2324078906098292,-0.023801596551245197,-0.024916398673523805,-0.022711978383409957,nan,nan,16
0.5,4,fixed,200000,30,1091,173983,0.2562094871610744,0.2205947624977569,-0.0356147246633175,-0.03665438668898599,-0.03466458251578052,nan,nan,16
0.5,4,matched,200000,30,1091,173983,0.2562094871610744,0.22038268922864396,-0.03582679793243043,-0.03669940686519079,-0.034975572118539876,-0.03610339450094585,-0.03562973902975933,16
0.5,8,integrated,20000,17,1091,17913,0.23369247807769436,0.0961237574666553,-0.13756872061103906,-0.1462909849893429,-0.1288117966974937,nan,nan,16
0.5,8,fixed,20000,17,1091,17913,0.23369247807769436,0.06364097941215262,-0.17005149866554176,-0.1790939280397098,-0.16159339656810168,nan,nan,16
0.5,8,matched,20000,17,1091,17913,0.23369247807769436,0.06479943653453216,-0.1688930415431622,-0.17815492873299277,-0.1604726128849101,-0.1694296656029397,-0.1683462192081141,16
0.5,8,integrated,200000,30,1091,173983,0.2562094871610744,0.18966013887170396,-0.06654934828937042,-0.07048341887619826,-0.062480922970116516,nan,nan,16
0.5,8,fixed,200000,30,1091,173983,0.2562094871610744,0.1355264418536962,-0.1206830453073782,-0.12540455952555668,-0.11585718327482172,nan,nan,16
0.5,8,matched,200000,30,1091,173983,0.2562094871610744,0.13548406833072676,-0.12072541883034762,-0.12546720384758467,-0.11589904446236564,-0.12082168486042841,-0.12060727779979313,16
0.15,2,integrated,20000,17,1091,17913,0.23196978238918314,0.1990588489385402,-0.03291093345064294,-0.034736998144803015,-0.03076110984592021,nan,nan,16
0.15,2,fixed,20000,17,1091,17913,0.23196978238918314,0.22119710742067739,-0.010772674968505758,-0.012609262396064962,-0.008686605981815015,nan,nan,16
0.15,2,matched,20000,17,1091,17913,0.23196978238918314,0.2263779044223664,-0.005591877966816733,-0.007321086500827643,-0.0034736940566112732,-0.006616427098166844,-0.0049174841377468415,16
0.15,2,integrated,200000,30,1091,173983,0.2513877519408885,0.21423267314601566,-0.03715507879487287,-0.03769702930620138,-0.03657491285147976,nan,nan,16
0.15,2,fixed,200000,30,1091,173983,0.2513877519408885,0.23528781492636877,-0.016099937014519755,-0.016777725670981028,-0.015355032530137184,nan,nan,16
0.15,2,matched,200000,30,1091,173983,0.2513877519408885,0.24445913362300295,-0.0069286183178855765,-0.007468155255567351,-0.006420250526762913,-0.0071515480742420645,-0.006362382601726585,16
0.15,4,integrated,20000,17,1091,17913,0.23196978238918314,0.20190733996740165,-0.030062442421781493,-0.03404843739731126,-0.025627277984752703,nan,nan,16
0.15,4,fixed,20000,17,1091,17913,0.23196978238918314,0.15807504167733447,-0.07389474071184868,-0.07746503510017877,-0.06925622558513184,nan,nan,16
0.15,4,matched,20000,17,1091,17913,0.23196978238918314,0.15355637725789906,-0.07841340513128409,-0.08221850321555939,-0.07451771787267086,-0.07889643847938513,-0.07813989398196558,16
0.15,4,integrated,200000,30,1091,173983,0.2513877519408885,0.2134629688100211,-0.03792478313086742,-0.03942760151387381,-0.03648307870253402,nan,nan,16
0.15,4,fixed,200000,30,1091,173983,0.2513877519408885,0.2013290395647303,-0.05005871237615822,-0.05158229432314578,-0.0482404253657552,nan,nan,16
0.15,4,matched,200000,30,1091,173983,0.2513877519408885,0.1966034936820714,-0.05478425825881714,-0.05645014619741935,-0.05299390051285356,-0.05504066775336458,-0.054581254350105246,16
0.15,8,integrated,20000,16,1300,17913,0.23423162006980003,0.0852814593962868,-0.14895016067351324,-0.1581814317290523,-0.13971878589778491,nan,nan,16
0.15,8,fixed,20000,16,1300,17913,0.23423162006980003,0.003942973694990039,-0.23028864637481,-0.24259001230206012,-0.21837133882332138,nan,nan,16
0.15,8,matched,20000,16,1300,17913,0.23423162006980003,0.04281598616156778,-0.19141563390823224,-0.2010481884693326,-0.18272883384609587,-0.1921093329837377,-0.19049882039419758,16
0.15,8,integrated,200000,29,1300,173983,0.2531268096725854,0.1530220681773413,-0.10010474149524409,-0.1037891926026664,-0.09653950181909354,nan,nan,16
0.15,8,fixed,200000,29,1300,173983,0.2531268096725854,0.0780326070510214,-0.175094202621564,-0.17979633649181892,-0.17049782245854925,nan,nan,16
0.15,8,matched,200000,29,1300,173983,0.2531268096725854,0.10012655114104418,-0.1530002585315412,-0.15603395747560225,-0.1499759367483558,-0.15330548667791138,-0.15268307031337722,16
