c,L,n,condition,t_min,t_max,points,used_t_min,used_t_max,alpha,low,high,delta_vs_full,delta_low,delta_high,unresolved_fraction,matched_last_time,matched_last_length_ratio
0.15,32,8,full,100,20000,28,105,19557,0.21747840527480528,0.20330773948894676,0.23790505143578058,0.0,0.0,0.0,0.0,19557,1.0
0.15,32,8,full,1000,20000,16,1069,19557,0.26671977622149806,0.2305616135224477,0.30268135727724677,0.0,0.0,0.0,0.0,19557,1.0
0.15,32,8,full,1000,200000,28,1069,200000,0.24620507532773458,0.21747782179015668,0.2745294719163121,0.0,0.0,0.0,0.0,200000,1.0
0.15,32,8,bin2,100,20000,28,105,19557,0.18760178162426702,0.17246466753285195,0.20722697076922317,-0.029876623650538253,-0.034468833974801584,-0.025727562813107355,0.0,19557,1.1554256399511353
0.15,32,8,bin2,1000,20000,16,1069,19557,0.2454022460128396,0.21123698203289468,0.2797535727534437,-0.021317530208658453,-0.03525203134889779,-0.008839910123653863,0.0,19557,1.1554256399511353
0.15,32,8,bin2,1000,200000,28,1069,200000,0.22579280107293453,0.19717367425972748,0.253245396541955,-0.02041227425480005,-0.025811175460226685,-0.015012330505155727,0.0,200000,1.0698061144246418
0.15,32,8,bin4,100,20000,28,105,19557,0.11680843520619746,0.10153289546232533,0.13399379910029685,-0.10066997006860781,-0.11264698253575718,-0.09034040210271728,0.10625,19557,1.1740806649804931
0.15,32,8,bin4,1000,20000,16,1069,19557,0.19609765532621592,0.15705501132450128,0.23943146806503374,-0.07062212089528214,-0.09400500007547591,-0.04525771579015334,0.10625,19557,1.1740806649804931
0.15,32,8,bin4,1000,200000,28,1069,200000,0.18798461682657225,0.1614366901978985,0.21217859872996442,-0.05822045850116234,-0.06726170688003734,-0.04767594364765315,0.10625,200000,1.0836686996242233
0.15,32,8,blur1,100,20000,28,105,19557,0.2050583596668565,0.18493308145483064,0.2315948757967418,-0.012420045607948765,-0.022760875550457953,-0.00216441996210176,0.0,19557,1.095095909206447
0.15,32,8,blur1,1000,20000,16,1069,19557,0.2506460274667826,0.21640784812345332,0.2815634888141417,-0.016073748754715456,-0.023109197604817142,-0.008623469043077793,0.0,19557,1.095095909206447
0.15,32,8,blur1,1000,200000,28,1069,200000,0.23109516023430043,0.20603354381795708,0.2562539108796309,-0.01510991509343415,-0.018764313022768764,-0.010681705887544154,0.0,200000,1.0742797016047156
0.15,32,8,blur2,100,20000,24,187,19557,0.2453003278198355,0.19874703760282786,0.30687124569903995,0.017701633377046222,-0.01830495329664156,0.06344648567519727,0.23541666666666666,19557,1.141537496399088
0.15,32,8,blur2,1000,20000,16,1069,19557,0.2732034123752472,0.2200120231308584,0.3222819537842864,0.006483636153749139,-0.02361831857455772,0.03600795687400734,0.23541666666666666,19557,1.141537496399088
0.15,32,8,blur2,1000,200000,28,1069,200000,0.22934307625037167,0.20143631397601927,0.2564271144338775,-0.01686199907736291,-0.028834849888421176,-0.004969849132335744,0.23541666666666666,200000,1.067573989083545
0.15,32,8,blur1_threshold_minus02,100,20000,28,105,19557,0.19576455052489952,0.1782641021498712,0.2174984084233239,-0.021713854749905753,-0.028644962421725567,-0.015357611690085371,0.0,19557,1.140136436932708
0.15,32,8,blur1_threshold_minus02,1000,20000,16,1069,19557,0.2443288139243333,0.21019836492735783,0.27357782879230624,-0.02239096229716475,-0.03160198099659537,-0.014323631663960772,0.0,19557,1.140136436932708
0.15,32,8,blur1_threshold_minus02,1000,200000,28,1069,200000,0.22549971569340377,0.19928705764446167,0.2504197601116224,-0.020705359634330817,-0.02357171397294172,-0.017767345171628864,0.0,200000,1.1024928577405089
0.15,32,8,blur1_threshold_plus02,100,20000,28,105,19557,0.2210870167991846,0.19933927456344572,0.24786108276529487,0.0036086115243793293,-0.00821250069133364,0.015662267453673773,0.008333333333333333,19557,1.0663549019129173
0.15,32,8,blur1_threshold_plus02,1000,20000,16,1069,19557,0.2708135218026936,0.23259065217738023,0.30360245845976463,0.004093745581195518,-0.0037471272821847893,0.011635639713369589,0.008333333333333333,19557,1.0663549019129173
0.15,32,8,blur1_threshold_plus02,1000,200000,28,1069,200000,0.2397171359379625,0.21418584535603408,0.2645889897373134,-0.006487939389772074,-0.011109353941335335,-0.0013794519878711849,0.008333333333333333,200000,1.0322158505914458
0.15,32,8,periodic_engine,100,20000,28,105,19557,0.2258004362196468,0.2123980437827858,0.24008084219304646,0.008322030944841519,-0.0028581386932262877,0.019292835953492033,0.0,19557,1.0291429908816734
0.15,32,8,periodic_engine,1000,20000,16,1069,19557,0.2796748937127978,0.243999158666286,0.3161245631826874,0.012955117491299739,-0.009050015341755329,0.036093369159929195,0.0,19557,1.0291429908816734
0.15,32,8,periodic_engine,1000,200000,28,1069,200000,0.2340531096597941,0.2194630427436578,0.25193704846644827,-0.012151965667940495,-0.034846321529674214,0.016361052205846226,0.0,200000,0.9563407360230832
0.15,64,8,full,100,20000,28,105,19557,0.21370804608254773,0.2036033218821231,0.22202954311676842,0.0,0.0,0.0,0.0,19557,1.0
0.15,64,8,full,1000,20000,16,1069,19557,0.23656885296225075,0.21137201512120982,0.2570094544955349,0.0,0.0,0.0,0.0,19557,1.0
0.15,64,8,full,1000,200000,28,1069,200000,0.2626716153637302,0.25350007059633917,0.2716961574592742,0.0,0.0,0.0,0.0,200000,1.0
0.15,64,8,bin2,100,20000,28,105,19557,0.17836138258937956,0.16983964061006002,0.18492337573812317,-0.03534666349316817,-0.037985757076290164,-0.032204900375660685,0.0,19557,1.122624575466565
0.15,64,8,bin2,1000,20000,16,1069,19557,0.22548134195399208,0.2059392433907321,0.24120769776352313,-0.011087511008258666,-0.015711385965166785,-0.00572371686095395,0.0,19557,1.122624575466565
0.15,64,8,bin2,1000,200000,28,1069,200000,0.2476349686695489,0.23866718199193265,0.2567230772774966,-0.015036646694181283,-0.01703701634407509,-0.012889483769946352,0.0,200000,1.0715671246052547
0.15,64,8,bin4,100,20000,28,105,19557,0.11087827521785965,0.10333142651630034,0.1195866054876002,-0.10282977086468809,-0.11192578396800051,-0.09223441444591607,0.0125,19557,1.1759788664491386
0.15,64,8,bin4,1000,20000,16,1069,19557,0.17429919483713807,0.1608279909551467,0.19204347922883533,-0.062269658125112676,-0.0770613312043464,-0.04239793468923149,0.0125,19557,1.1759788664491386
0.15,64,8,bin4,1000,200000,28,1069,200000,0.21544524833710768,0.2079767757257838,0.22251210862382628,-0.0472263670266225,-0.05177607354327031,-0.041850353891933895,0.0125,200000,1.0954094679828328
0.15,64,8,blur1,100,20000,28,105,19557,0.2007573397148602,0.19255582237497548,0.2079776326615632,-0.012950706367687526,-0.016615960600789032,-0.008880211873120986,0.0,19557,1.1151969325869162
0.15,64,8,blur1,1000,20000,16,1069,19557,0.23108222249162103,0.21102868387117582,0.24738341280413637,-0.005486630470629722,-0.010125912619828316,0.0011042980350884817,0.0,19557,1.1151969325869162
0.15,64,8,blur1,1000,200000,28,1069,200000,0.2512674336345662,0.2417094698403925,0.2601712701600188,-0.011404181729163965,-0.013899895782195705,-0.009342496786288982,0.0,200000,1.0685993793959856
0.15,64,8,blur2,100,20000,28,105,19557,0.21199646348754742,0.19139245272911712,0.23615613124809484,-0.001711582595000316,-0.018954123105472193,0.020351524981048134,0.15,19557,1.1513001030969974
0.15,64,8,blur2,1000,20000,16,1069,19557,0.2504994955731677,0.23126002343881508,0.2688280985924686,0.013930642610916949,0.001155113417174076,0.029046275148532325,0.15,19557,1.1513001030969974
0.15,64,8,blur2,1000,200000,28,1069,200000,0.25484053473421425,0.24631490273220316,0.26135779571408174,-0.00783108062951593,-0.013252676336544793,-0.0018744742939991064,0.15,200000,1.074641133413048
0.15,64,8,blur1_threshold_minus02,100,20000,28,105,19557,0.188892335022838,0.18073441863796152,0.19553934487487615,-0.024815711059709727,-0.027757262063970133,-0.021646567522285887,0.0,19557,1.1473134356753025
0.15,64,8,blur1_threshold_minus02,1000,20000,16,1069,19557,0.22114296025499247,0.20207615126928888,0.23657912639736867,-0.015425892707258276,-0.020992012126185802,-0.008481647129716585,0.0,19557,1.1473134356753025
0.15,64,8,blur1_threshold_minus02,1000,200000,28,1069,200000,0.24223700571389303,0.2335082971436161,0.2505144256464111,-0.02043460964983715,-0.022317973595663423,-0.01878160081928909,0.0,200000,1.0825922098697258
0.15,64,8,blur1_threshold_plus02,100,20000,28,105,19557,0.21589380627574553,0.2048252490887824,0.2257289075486302,0.0021857601931978,-0.0026845727406762864,0.006818445716790819,0.0,19557,1.085746774532965
0.15,64,8,blur1_threshold_plus02,1000,20000,16,1069,19557,0.2475234121365544,0.22706536173588412,0.2645332190834043,0.010954559174303657,0.006465432378048823,0.017561330885137668,0.0,19557,1.085746774532965
0.15,64,8,blur1_threshold_plus02,1000,200000,28,1069,200000,0.2633316028155735,0.2535737912808228,0.27263756452603755,0.0006599874518433135,-0.002353367771833893,0.0033634789651379297,0.0,200000,1.0534573511741792
0.15,64,8,periodic_engine,100,20000,28,105,19557,0.21699779870146038,0.2055680507545093,0.22821767240382015,0.0032897526189126503,-0.0016081156023803902,0.007828773466199835,0.0,19557,1.0209162957991393
0.15,64,8,periodic_engine,1000,20000,16,1069,19557,0.24547290542562683,0.22063398513835947,0.26890498424898485,0.008904052463376083,-0.001644563160873523,0.01824888862688097,0.0,19557,1.0209162957991393
0.15,64,8,periodic_engine,1000,200000,28,1069,200000,0.2632969442875218,0.2543117029742436,0.27168956856401255,0.0006253289237916348,-0.006612539550908271,0.007608765402723468,0.0,200000,0.9830120341805416
0.15,96,8,full,100,20000,28,105,19557,0.2110675427991134,0.20557193960678363,0.21658472667418976,0.0,0.0,0.0,0.0,19557,1.0
0.15,96,8,full,1000,20000,16,1069,19557,0.213468467642485,0.20176458203827324,0.22463861388941064,0.0,0.0,0.0,0.0,19557,1.0
0.15,96,8,full,1000,200000,28,1069,200000,0.2516637099489352,0.24251320462628642,0.25987387714420473,0.0,0.0,0.0,0.0,200000,1.0
0.15,96,8,bin2,100,20000,28,105,19557,0.17677483597154003,0.17114702011439267,0.1820031729519317,-0.03429270682757338,-0.035995261095298645,-0.03270560037530149,0.0,19557,1.1300970462385294
0.15,96,8,bin2,1000,20000,16,1069,19557,0.2043617428753054,0.1935103968340224,0.21445208500039697,-0.009106724767179608,-0.010823107916934476,-0.007260701423637932,0.0,19557,1.1300970462385294
0.15,96,8,bin2,1000,200000,28,1069,200000,0.23553533149922495,0.22694467572546986,0.242724700545696,-0.016128378449710268,-0.01815879035470272,-0.01443326922833218,0.0,200000,1.075414474346954
0.15,96,8,bin4,100,20000,28,105,19557,0.09737964793975652,0.0916515651315248,0.10256190368213966,-0.11368789485935689,-0.1174575238686348,-0.11006091147130156,0.0,19557,1.1615242271048207
0.15,96,8,bin4,1000,20000,16,1069,19557,0.1461789387973884,0.13735013770144472,0.15505073298869124,-0.06728952884509659,-0.07511197378096184,-0.05986332110897375,0.0,19557,1.1615242271048207
0.15,96,8,bin4,1000,200000,28,1069,200000,0.20363580441853185,0.19661390501483295,0.20915329738577826,-0.04802790553040337,-0.05227900551738229,-0.04465917114932726,0.0,200000,1.102228201920083
0.15,96,8,blur1,100,20000,28,105,19557,0.19626610386328627,0.19070988182118725,0.20181009495565608,-0.014801438935827138,-0.017330442346300216,-0.011530589992781108,0.0,19557,1.1120862559909597
0.15,96,8,blur1,1000,20000,16,1069,19557,0.20310840750313652,0.19297783668015323,0.21405775536509403,-0.010360060139348481,-0.01377763807214479,-0.006460522328815442,0.0,19557,1.1120862559909597
0.15,96,8,blur1,1000,200000,28,1069,200000,0.23891306804803839,0.23080509097406438,0.24611774531311184,-0.012750641900896836,-0.014814412464443762,-0.010615617971508413,0.0,200000,1.0766374126165237
0.15,96,8,blur2,100,20000,28,105,19557,0.1989225212938699,0.18131684331938894,0.2175770112083016,-0.01214502150524352,-0.024512017102317422,0.0016581711370318912,0.12083333333333333,19557,1.1362551802521728
0.15,96,8,blur2,1000,20000,16,1069,19557,0.2094129891245032,0.19637323805506612,0.22171131245097497,-0.004055478517981798,-0.012838355653014773,0.004779133189242572,0.12083333333333333,19557,1.1362551802521728
0.15,96,8,blur2,1000,200000,28,1069,200000,0.24257673662283644,0.23468059793966112,0.25031894660882115,-0.009086973326098785,-0.016533386892506892,-0.0019046204016849664,0.12083333333333333,200000,1.09604596699819
0.15,96,8,blur1_threshold_minus02,100,20000,28,105,19557,0.18525216769287936,0.18045253778487577,0.19024567131955422,-0.02581537510623405,-0.027587251031841415,-0.02420076782693022,0.0,19557,1.1481872400193076
0.15,96,8,blur1_threshold_minus02,1000,20000,16,1069,19557,0.19453241497839177,0.18490016303147047,0.20491343979682786,-0.018936052664093234,-0.022003424336742655,-0.015092511652545494,0.0,19557,1.1481872400193076
0.15,96,8,blur1_threshold_minus02,1000,200000,28,1069,200000,0.23030557253365258,0.22157276276855523,0.2382883269599849,-0.02135813741528264,-0.022629018562601605,-0.019906737117047525,0.0,200000,1.097210278999117
0.15,96,8,blur1_threshold_plus02,100,20000,28,105,19557,0.20998995057563138,0.20228191101165005,0.21762598081667206,-0.0010775922234820268,-0.004466037593384617,0.003388275291648835,0.0,19557,1.067630793167206
0.15,96,8,blur1_threshold_plus02,1000,20000,16,1069,19557,0.2152266764684452,0.20374731180856748,0.22715214929782443,0.0017582088259602002,-0.001910780147057197,0.005586341077448799,0.0,19557,1.067630793167206
0.15,96,8,blur1_threshold_plus02,1000,200000,28,1069,200000,0.2507880200668358,0.2428521766519928,0.2577493058936295,-0.0008756898820994063,-0.0036797492424195085,0.001827563598464166,0.0,200000,1.057807215174717
0.15,96,8,periodic_engine,100,20000,28,105,19557,0.21129326332906842,0.2058982887115804,0.21749222702874618,0.00022572052995500913,-0.0017655794972986796,0.0022192392234657693,0.0,19557,1.0100201792622763
0.15,96,8,periodic_engine,1000,20000,16,1069,19557,0.21500392907126287,0.2032408112105568,0.22620316919780764,0.0015354614287778623,-0.0016074893798458862,0.004726587355797465,0.0,19557,1.0100201792622763
0.15,96,8,periodic_engine,1000,200000,28,1069,200000,0.2566373064701681,0.2493370119520533,0.2637230138794943,0.004973596521232859,-0.0012477648340652645,0.01192103046217076,0.0,200000,1.0168837945074096
0.15,128,8,full,100,20000,28,105,19557,0.2104248824329106,0.20459835914715158,0.21645440280402395,0.0,0.0,0.0,0.0,19557,1.0
0.15,128,8,full,1000,20000,16,1069,19557,0.2314909147397411,0.2195093660619249,0.24322527151607304,0.0,0.0,0.0,0.0,19557,1.0
0.15,128,8,full,1000,200000,28,1069,200000,0.26000343068332976,0.25176240705693775,0.2687099224141528,0.0,0.0,0.0,0.0,200000,1.0
0.15,128,8,bin2,100,20000,28,105,19557,0.17753293385810057,0.1719952976482492,0.1834958197090287,-0.03289194857481004,-0.03392506499041303,-0.031956984424651565,0.0,19557,1.1256073158356812
0.15,128,8,bin2,1000,20000,16,1069,19557,0.22045772076841103,0.21031635046181646,0.23040103988536736,-0.011033193971330069,-0.014427587752292945,-0.007487559215811612,0.0,19557,1.1256073158356812
0.15,128,8,bin2,1000,200000,28,1069,200000,0.24358504289487237,0.23538572074016967,0.25218280115144354,-0.01641838778845739,-0.017008177610411873,-0.015763886649629303,0.0,200000,1.0749988976893456
0.15,128,8,bin4,100,20000,28,105,19557,0.10000943518954807,0.09359587636887591,0.10688142733719115,-0.11041544724336254,-0.11265885800521401,-0.10824893084318869,0.0,19557,1.14704292600476
0.15,128,8,bin4,1000,20000,16,1069,19557,0.1590661202669059,0.14689785698359803,0.16875135959183024,-0.0724247944728352,-0.0773672611138347,-0.06761362655720435,0.0,19557,1.14704292600476
0.15,128,8,bin4,1000,200000,28,1069,200000,0.21181934478519232,0.20384774079544146,0.22009916642850877,-0.04818408589813744,-0.04981924431943489,-0.04687566358402796,0.0,200000,1.1008342981216581
0.15,128,8,blur1,100,20000,28,105,19557,0.19612620420895682,0.19015688027366404,0.2026355206693741,-0.014298678223953781,-0.015490005779724389,-0.01318359491145208,0.0,19557,1.1093527244022032
0.15,128,8,blur1,1000,20000,16,1069,19557,0.22063962638731718,0.20791324523890767,0.23262775457692594,-0.01085128835242391,-0.01307645434255788,-0.008355589926090905,0.0,19557,1.1093527244022032
0.15,128,8,blur1,1000,200000,28,1069,200000,0.24808668276972604,0.2397997717219986,0.2569555532265632,-0.011916747913603726,-0.012310128524300993,-0.011466021191327648,0.0,200000,1.071284874723243
0.15,128,8,blur2,100,20000,28,105,19557,0.20890726413651448,0.19693736930303513,0.22579582155635075,-0.0015176182963961282,-0.011778998173807913,0.012559004547279873,0.10208333333333333,19557,1.1283034429340635
0.15,128,8,blur2,1000,20000,16,1069,19557,0.23002726453927175,0.21469561668666515,0.24390620839690125,-0.0014636502004693464,-0.010068080698571106,0.007117044315053068,0.10208333333333333,19557,1.1283034429340635
0.15,128,8,blur2,1000,200000,28,1069,200000,0.2530184246632419,0.24407282598857535,0.2628966966040812,-0.006985006020087836,-0.010542416722967508,-0.003299128899047543,0.10208333333333333,200000,1.0863339257611784
0.15,128,8,blur1_threshold_minus02,100,20000,28,105,19557,0.18514748330644867,0.17967484158466604,0.19118562521803972,-0.02527739912646193,-0.026482762798317516,-0.024211985211305447,0.0,19557,1.1482751169467138
0.15,128,8,blur1_threshold_minus02,1000,20000,16,1069,19557,0.2124786990510047,0.20017451238734305,0.22431012882488205,-0.0190122156887364,-0.021064110058202693,-0.017195144938554903,0.0,19557,1.1482751169467138
0.15,128,8,blur1_threshold_minus02,1000,200000,28,1069,200000,0.23944776811832452,0.23105152377802238,0.24839399084600403,-0.02055566256500524,-0.0211713562840369,-0.020051259280323135,0.0,200000,1.0927401080684391
0.15,128,8,blur1_threshold_plus02,100,20000,28,105,19557,0.2090145224196289,0.2020102493500549,0.21636173416905768,-0.0014103600132817085,-0.003318423350152941,0.0005492069230113811,0.0,19557,1.0643337830207222
0.15,128,8,blur1_threshold_plus02,1000,20000,16,1069,19557,0.23463735688708956,0.22073567508533778,0.247738365908526,0.003146442147348466,-0.0001267031299068348,0.007410990125513178,0.0,19557,1.0643337830207222
0.15,128,8,blur1_threshold_plus02,1000,200000,28,1069,200000,0.2608752488252911,0.25198245435182554,0.27083233389154887,0.0008718181419613558,-8.815027212216858e-05,0.002356350411677436,0.0,200000,1.0520757417441782
0.15,128,8,crop96,100,20000,28,105,19557,0.21031439345077774,0.2058097998618506,0.21501529133240352,-0.00011048898213286695,-0.002728429462429184,0.002133826615967834,0.0,19557,1.0059117473713644
0.15,128,8,crop96,1000,20000,16,1069,19557,0.23409789544134962,0.22741337650725102,0.24130911074896264,0.00260698070160853,-0.0030371487851755,0.008520890256501037,0.0,19557,1.0059117473713644
0.15,128,8,crop96,1000,200000,28,1069,200000,0.26199462955681874,0.2537673838098323,0.26935585906350445,0.001991198873488975,-0.0033820198243095425,0.007244751679013191,0.0,200000,0.9920540445069621
0.15,128,8,crop64,100,20000,28,105,19557,0.21050038901727366,0.20305665765078657,0.21841251252232588,7.55065843630609e-05,-0.001900975510746261,0.0020232904221435064,0.0,19557,1.0014725668175921
0.15,128,8,crop64,1000,20000,16,1069,19557,0.2313109380628806,0.21795334081796383,0.24642206732964803,-0.0001799766768604827,-0.004176346880466813,0.004109711361796595,0.0,19557,1.0014725668175921
0.15,128,8,crop64,1000,200000,28,1069,200000,0.2626918642893022,0.2488507005056017,0.2760747383217765,0.002688433605972429,-0.003759934931515158,0.00856377813533934,0.0,200000,1.0258714241566786
0.15,128,8,crop32,100,20000,28,105,19557,0.20700522344745437,0.19117039666747082,0.22181976622285693,-0.0034196589854562365,-0.013874196345875216,0.006962714986198134,0.0,19557,0.9915267346546072
0.15,128,8,crop32,1000,20000,16,1069,19557,0.2274352955337105,0.19153058568928216,0.2620612520406053,-0.004055619206030592,-0.02773246487810585,0.018772973519607248,0.0,19557,0.9915267346546072
0.15,128,8,crop32,1000,200000,28,1069,200000,0.22835694479593316,0.1964915071984678,0.2657268549080748,-0.0316464858873966,-0.05789827823903183,-0.0021314067402985488,0.0,200000,0.773852223946053
0.15,128,8,periodic_engine,100,20000,28,105,19557,0.21235847608964867,0.207188331664008,0.2178076466882103,0.001933593656738064,0.00023604499881002065,0.0033726856857713523,0.0,19557,1.0146969558419532
0.15,128,8,periodic_engine,1000,20000,16,1069,19557,0.23522889545213926,0.22482416062959298,0.24643338496593628,0.00373798071239817,0.0005883110537501508,0.006303863736435376,0.0,19557,1.0146969558419532
0.15,128,8,periodic_engine,1000,200000,28,1069,200000,0.26037317015856276,0.25148070784267806,0.26890196389611987,0.00036973947523299966,-0.0026955309977917106,0.0034317737195968838,0.0,200000,1.0004792669421698
0.5,32,8,full,100,20000,28,105,19557,0.21147450068854692,0.19958842213295078,0.22319673255887607,0.0,0.0,0.0,0.07083333333333333,19557,1.0
0.5,32,8,full,1000,20000,16,1069,19557,0.23276674453508917,0.20963329636265426,0.25618437590884907,0.0,0.0,0.0,0.07083333333333333,19557,1.0
0.5,32,8,full,1000,200000,19,1069,34974,0.25109009499441926,0.22312108506516282,0.28338486915062494,0.0,0.0,0.0,0.07083333333333333,34974,1.0
0.5,32,8,bin2,100,20000,28,105,19557,0.19675690382837938,0.18335076165021558,0.21090827345006297,-0.014717596860167548,-0.017805744397050644,-0.011624950586685473,0.07291666666666667,19557,1.0218686389693175
0.5,32,8,bin2,1000,20000,16,1069,19557,0.22359066916507744,0.19688008680288588,0.25215622855137354,-0.009176075370011721,-0.014370376960959295,-0.0024543547241400003,0.07291666666666667,19557,1.0218686389693175
0.5,32,8,bin2,1000,200000,19,1069,34974,0.24742811605166368,0.21819212021623186,0.28044116337187774,-0.0036619789427555782,-0.006746351447721703,0.0005126544496494918,0.07291666666666667,34974,1.0783945197482354
0.5,32,8,bin4,100,20000,28,105,19557,0.13684707642692015,0.12955981798692873,0.1465072705476268,-0.07462742426162677,-0.08788925285011605,-0.06300773086608542,0.07708333333333334,19557,1.1302325834115883
0.5,32,8,bin4,1000,20000,16,1069,19557,0.17636861941370569,0.14639225292066416,0.21197856532270573,-0.05639812512138348,-0.07395127871033921,-0.03627724889981834,0.07708333333333334,19557,1.1302325834115883
0.5,32,8,bin4,1000,200000,19,1069,34974,0.19717164150979183,0.16944169960772199,0.2306378166416935,-0.05391845348462743,-0.06949100558916393,-0.036793916987660796,0.07708333333333334,34974,1.0140703308783918
0.5,32,8,blur1,100,20000,28,105,19557,0.18573617590912483,0.17409276810957508,0.19679843061249042,-0.02573832477942209,-0.028086953450363286,-0.02384625906413657,0.075,19557,1.0750491091102916
0.5,32,8,blur1,1000,20000,16,1069,19557,0.20922133431068438,0.1848510271511205,0.2366850393506893,-0.02354541022440479,-0.031277369064936174,-0.014811686034284762,0.075,19557,1.0750491091102916
0.5,32,8,blur1,1000,200000,19,1069,34974,0.2297357588394454,0.20333171030915054,0.25973263298475374,-0.02135433615497387,-0.028039622195462747,-0.013335250547059474,0.075,34974,1.0578488746613568
0.5,32,8,blur2,100,20000,28,105,19557,0.13222701647103363,0.12273486068994639,0.1438567658260931,-0.07924748421751329,-0.09543607310678279,-0.06559540731141067,0.075,19557,1.1816435178384
0.5,32,8,blur2,1000,20000,16,1069,19557,0.1804714767147263,0.15214355672823626,0.2189829516840446,-0.05229526782036287,-0.0719886298822194,-0.029649019640510088,0.075,19557,1.1816435178384
0.5,32,8,blur2,1000,200000,19,1069,34974,0.19959403583725643,0.16990849800625948,0.23460086092147042,-0.05149605915716282,-0.06655359969286921,-0.03391804653677066,0.075,34974,1.1107382485799382
0.5,32,8,blur1_threshold_minus02,100,20000,28,105,19557,0.186922935535749,0.1751376140438375,0.19821163590555532,-0.02455156515279791,-0.025941252505888936,-0.0232464916361414,0.07291666666666667,19557,1.0707811890693635
0.5,32,8,blur1_threshold_minus02,1000,20000,16,1069,19557,0.21106949960310184,0.1883699903350798,0.23565961973174993,-0.021697244931987325,-0.030529804729431245,-0.013979224839681652,0.07291666666666667,19557,1.0707811890693635
0.5,32,8,blur1_threshold_minus02,1000,200000,19,1069,34974,0.23149136089732456,0.2055476134364093,0.26468849634536407,-0.0195987340970947,-0.027419098418907075,-0.01291110078487274,0.07291666666666667,34974,1.0628099144885568
0.5,32,8,blur1_threshold_plus02,100,20000,28,105,19557,0.18690275126372385,0.1749509950665597,0.19863476669375318,-0.02457174942482307,-0.02895730346221445,-0.02102230566539488,0.07291666666666667,19557,1.0682785185424155
0.5,32,8,blur1_threshold_plus02,1000,20000,16,1069,19557,0.20736805835827454,0.1831955172229697,0.2357674201200956,-0.025398686176814622,-0.03377958351227005,-0.016619469355453064,0.07291666666666667,19557,1.0682785185424155
0.5,32,8,blur1_threshold_plus02,1000,200000,19,1069,34974,0.22945086656988406,0.20154702570632735,0.2615228642680419,-0.021639228424535195,-0.028433531520136588,-0.014134902424972775,0.07291666666666667,34974,1.056072173837734
0.5,32,8,periodic_engine,100,20000,28,105,19557,0.20762594809882273,0.19789429780550105,0.21625084776948453,-0.0038485525897241912,-0.008996012536902789,0.0017497059585787073,0.07291666666666667,19557,0.9586372111864062
0.5,32,8,periodic_engine,1000,20000,16,1069,19557,0.22412093643312878,0.20450928109251637,0.24295641441273014,-0.00864580810196039,-0.021754143777164774,0.003815573751575727,0.07291666666666667,19557,0.9586372111864062
0.5,32,8,periodic_engine,1000,200000,19,1069,34974,0.24684237021656458,0.21323784474816454,0.28823116346529287,-0.004247724777854678,-0.02041697070724563,0.011596238054678278,0.07291666666666667,34974,1.0072263130230745
0.5,64,8,full,100,20000,28,105,19557,0.20369606282292682,0.2011047109979927,0.20626331735650907,0.0,0.0,0.0,0.0,19557,1.0
0.5,64,8,full,1000,20000,16,1069,19557,0.2319376747966581,0.215895114245292,0.24677866293188438,0.0,0.0,0.0,0.0,19557,1.0
0.5,64,8,full,1000,200000,28,1069,200000,0.2642859452091965,0.256463713475824,0.2703055966648473,0.0,0.0,0.0,0.0,200000,1.0
0.5,64,8,bin2,100,20000,28,105,19557,0.18915440221700555,0.18660319891000596,0.19159251829210122,-0.01454166060592127,-0.01621193010293627,-0.013100809809920195,0.0,19557,1.0393117112830752
0.5,64,8,bin2,1000,20000,16,1069,19557,0.22832595651761362,0.2113456968489581,0.24406461075042776,-0.0036117182790444957,-0.007386129959076364,0.00013654220472757405,0.0,19557,1.0393117112830752
0.5,64,8,bin2,1000,200000,28,1069,200000,0.25856762059529564,0.24974000041057812,0.2660537312127649,-0.0057183246139008714,-0.007295544613768237,-0.003985929999073119,0.0,200000,1.0275559869502224
0.5,64,8,bin4,100,20000,28,105,19557,0.13192107293459318,0.1287988528900986,0.13604294081252316,-0.07177498988833364,-0.07407396211701575,-0.06869780480966335,0.0,19557,1.1140554742468818
0.5,64,8,bin4,1000,20000,16,1069,19557,0.18650968437106547,0.16828294002079353,0.20450244323230962,-0.045427990425592646,-0.05119578505768723,-0.03891233194079131,0.0,19557,1.1140554742468818
0.5,64,8,bin4,1000,200000,28,1069,200000,0.23062070417144032,0.22148766018181865,0.23897304590670504,-0.0336652410377562,-0.037096819405168235,-0.03024740028560907,0.0,200000,1.0514591651068839
0.5,64,8,blur1,100,20000,28,105,19557,0.1803731287186934,0.17674559542977336,0.1837800361490373,-0.023322934104233417,-0.025318787433977162,-0.0214119161345643,0.0,19557,1.064225647314752
0.5,64,8,blur1,1000,20000,16,1069,19557,0.21310344644893994,0.19662966170563834,0.22821311351897014,-0.018834228347718168,-0.02225169146542899,-0.015899006130049596,0.0,19557,1.064225647314752
0.5,64,8,blur1,1000,200000,28,1069,200000,0.249238831659744,0.24022338338996793,0.2566243763309207,-0.015047113549452512,-0.016891918762608944,-0.012961168569098125,0.0,200000,1.041859466339857
0.5,64,8,blur2,100,20000,28,105,19557,0.12906524474411668,0.12228188084013705,0.13494634240519926,-0.07463081807881014,-0.07946484529590343,-0.07050017867400514,0.0,19557,1.1410382798692722
0.5,64,8,blur2,1000,20000,16,1069,19557,0.1796283502130103,0.16371543944506164,0.19488150860794298,-0.052309324583647815,-0.05693619719975292,-0.048195998815051315,0.0,19557,1.1410382798692722
0.5,64,8,blur2,1000,200000,28,1069,200000,0.22337165253329253,0.21373428697896518,0.23220948360709967,-0.04091429267590399,-0.04409569211980751,-0.037121008437399745,0.0,200000,1.0695516935206553
0.5,64,8,blur1_threshold_minus02,100,20000,28,105,19557,0.17968267479386105,0.17593326878483362,0.18272705990558047,-0.024013388029065774,-0.026066735826087897,-0.022223682043434903,0.0,19557,1.0669293935490638
0.5,64,8,blur1_threshold_minus02,1000,20000,16,1069,19557,0.21423155302171068,0.19770048619939778,0.2300893437825509,-0.01770612177494743,-0.0220509836181637,-0.014322242922991182,0.0,19557,1.0669293935490638
0.5,64,8,blur1_threshold_minus02,1000,200000,28,1069,200000,0.24962856299937372,0.24004800177474672,0.257573064941562,-0.014657382209822795,-0.016886057996144527,-0.012375942714774914,0.0,200000,1.0431530581442223
0.5,64,8,blur1_threshold_plus02,100,20000,28,105,19557,0.18155640470319476,0.17768580072030388,0.18532411646313152,-0.022139658119732064,-0.02411610506140912,-0.020102103731388998,0.0,19557,1.0679762722612873
0.5,64,8,blur1_threshold_plus02,1000,20000,16,1069,19557,0.21453995399650788,0.19819540237739816,0.22900626410935743,-0.01739772080015023,-0.021004472489320615,-0.013902935029786435,0.0,19557,1.0679762722612873
0.5,64,8,blur1_threshold_plus02,1000,200000,28,1069,200000,0.24866936177897156,0.24007672715768164,0.25559659813046776,-0.015616583430224956,-0.0172843602966101,-0.013592253226884194,0.0,200000,1.042677597967095
0.5,64,8,periodic_engine,100,20000,28,105,19557,0.2037733657327938,0.20178362200876504,0.20552296227773845,7.730290986698862e-05,-0.0016783449540970579,0.0018610161136770854,0.0,19557,0.9956799950788155
0.5,64,8,periodic_engine,1000,20000,16,1069,19557,0.23151774235018335,0.2178204492683366,0.2437057413947292,-0.0004199324464747578,-0.0032079720236340118,0.002167923966636951,0.0,19557,0.9956799950788155
0.5,64,8,periodic_engine,1000,200000,28,1069,200000,0.262518601871009,0.2547121368827286,0.2682053124354805,-0.0017673433381875103,-0.0058488983116174575,0.0018305083797065256,0.0,200000,0.9875866316704905
0.5,96,8,full,100,20000,28,105,19557,0.20803752254461774,0.20011647701007537,0.2147362378645169,0.0,0.0,0.0,0.0,19557,1.0
0.5,96,8,full,1000,20000,16,1069,19557,0.24482337604167945,0.23266888287728957,0.2584434401061786,0.0,0.0,0.0,0.0,19557,1.0
0.5,96,8,full,1000,200000,28,1069,200000,0.25935182045255273,0.2541717556153897,0.26494777549745874,0.0,0.0,0.0,0.0,200000,1.0
0.5,96,8,bin2,100,20000,28,105,19557,0.194746029089165,0.18800191115150405,0.2008222908534295,-0.013291493455452746,-0.014818211933712253,-0.01149936878482079,0.0,19557,1.036958966889051
0.5,96,8,bin2,1000,20000,16,1069,19557,0.24147544884656477,0.22910666334954236,0.2567353255436066,-0.003347927195114675,-0.006578238777379905,0.00016819024967753903,0.0,19557,1.036958966889051
0.5,96,8,bin2,1000,200000,28,1069,200000,0.25387693575701836,0.24944478570478792,0.2580186050515228,-0.0054748846955343655,-0.007114186353320377,-0.004074062512187741,0.0,200000,1.0263928688954207
0.5,96,8,bin4,100,20000,28,105,19557,0.13303593886017615,0.12682281063294945,0.1390952199248487,-0.0750015836844416,-0.07722489813072562,-0.07262838461944036,0.0,19557,1.0724298188970434
0.5,96,8,bin4,1000,20000,16,1069,19557,0.1926109038215391,0.18020119683486363,0.20691861216937357,-0.05221247222014036,-0.05690529338055137,-0.04715112669408716,0.0,19557,1.0724298188970434
0.5,96,8,bin4,1000,200000,28,1069,200000,0.22752733501649236,0.22323695715420877,0.23199363000108783,-0.03182448543606037,-0.034181648627786936,-0.029239910194902474,0.0,200000,1.061762908957884
0.5,96,8,blur1,100,20000,28,105,19557,0.18434381362849564,0.17736333308450303,0.1910626466764802,-0.023693708916122103,-0.025133349563722228,-0.02202384731497248,0.0,19557,1.0583374349969554
0.5,96,8,blur1,1000,20000,16,1069,19557,0.2261534083463005,0.21374654956137037,0.24045378678124224,-0.01866996769537896,-0.020427233100464046,-0.017027385837613592,0.0,19557,1.0583374349969554
0.5,96,8,blur1,1000,200000,28,1069,200000,0.2446458376129882,0.2398569801812143,0.24963264721979223,-0.014705982839564535,-0.015511575939942608,-0.013910137458885091,0.0,200000,1.040580290925284
0.5,96,8,blur2,100,20000,28,105,19557,0.13355838414741303,0.1283631983583591,0.13927677285162782,-0.07447913839720471,-0.07813400821196219,-0.0702410695086422,0.0,19557,1.1256520234649905
0.5,96,8,blur2,1000,20000,16,1069,19557,0.1920979846507137,0.18075791941366143,0.20660272799187296,-0.05272539139096574,-0.05631956784323024,-0.04918809942565163,0.0,19557,1.1256520234649905
0.5,96,8,blur2,1000,200000,28,1069,200000,0.21877839142094826,0.21405078230562893,0.22349846900476789,-0.04057342903160446,-0.042045109938135046,-0.03912627391200541,0.0,200000,1.0657448710917217
0.5,96,8,blur1_threshold_minus02,100,20000,28,105,19557,0.18463976221457654,0.1778974569566882,0.19137427089098527,-0.023397760330041206,-0.024878183369375313,-0.021731190168109274,0.0,19557,1.05870749989412
0.5,96,8,blur1_threshold_minus02,1000,20000,16,1069,19557,0.22553310661361337,0.21279614010263115,0.24062102054103862,-0.01929026942806608,-0.02180211719352342,-0.01667758468483859,0.0,19557,1.05870749989412
0.5,96,8,blur1_threshold_minus02,1000,200000,28,1069,200000,0.24458802813105437,0.23998243911968867,0.2492214814951841,-0.014763792321498354,-0.01623726792195302,-0.013350043662305374,0.0,200000,1.0456853343495416
0.5,96,8,blur1_threshold_plus02,100,20000,28,105,19557,0.18545541233728732,0.17871410552752562,0.1918885584340711,-0.02258211020733042,-0.024076306964505072,-0.020813750062970607,0.0,19557,1.0606190525149148
0.5,96,8,blur1_threshold_plus02,1000,20000,16,1069,19557,0.22673347407614233,0.21499893311542911,0.23982207851898218,-0.018089901965537114,-0.019626105626210127,-0.016466802780833425,0.0,19557,1.0606190525149148
0.5,96,8,blur1_threshold_plus02,1000,200000,28,1069,200000,0.24358861426100176,0.23870353732900718,0.24881658587387714,-0.01576320619155097,-0.016592836872548505,-0.015060069126873715,0.0,200000,1.0382445165215464
0.5,96,8,periodic_engine,100,20000,28,105,19557,0.20773314620590513,0.20009247398576627,0.21382541710580097,-0.0003043763387126086,-0.0011710777459482153,0.0005377339831207746,0.0,19557,0.9958962554302525
0.5,96,8,periodic_engine,1000,20000,16,1069,19557,0.24239684653166893,0.23078490554092704,0.2549135456799071,-0.0024265295100105166,-0.004021792704067289,-0.0006239692536460701,0.0,19557,0.9958962554302525
0.5,96,8,periodic_engine,1000,200000,28,1069,200000,0.25757641370729134,0.2520219393828744,0.2634618177759943,-0.0017754067452613875,-0.0038689050170671617,0.0001556690100296415,0.0,200000,0.9916832288312364
0.5,128,8,full,100,20000,28,105,19557,0.20866134358284014,0.20650380496680457,0.21141956697289838,0.0,0.0,0.0,0.0,19557,1.0
0.5,128,8,full,1000,20000,16,1069,19557,0.23563868234943858,0.229155188477102,0.24318998183774101,0.0,0.0,0.0,0.0,19557,1.0
0.5,128,8,full,1000,200000,28,1069,200000,0.2569595684968331,0.25284125611651986,0.26177775963070654,0.0,0.0,0.0,0.0,200000,1.0
0.5,128,8,bin2,100,20000,28,105,19557,0.19427488433411955,0.19165613385609492,0.19738999668094326,-0.01438645924872059,-0.01503908339316399,-0.013611136099902577,0.0,19557,1.0374889770146891
0.5,128,8,bin2,1000,20000,16,1069,19557,0.2311392213456199,0.2237983668769847,0.2388842136222648,-0.004499461003818678,-0.0067701199553547985,-0.0023157818142723772,0.0,19557,1.0374889770146891
0.5,128,8,bin2,1000,200000,28,1069,200000,0.2510820127463402,0.2472076978210861,0.2553823443504921,-0.005877555750492924,-0.006798335995855184,-0.004931072465465017,0.0,200000,1.0246877008757345
0.5,128,8,bin4,100,20000,28,105,19557,0.13180383039948035,0.1289343879784261,0.1350553168301968,-0.07685751318335979,-0.07875299795152817,-0.07469633109755369,0.0,19557,1.088471296922214
0.5,128,8,bin4,1000,20000,16,1069,19557,0.17997911586035512,0.17430213123053956,0.18552625696789635,-0.05565956648908346,-0.059561198746886534,-0.052199599043742884,0.0,19557,1.088471296922214
0.5,128,8,bin4,1000,200000,28,1069,200000,0.22112070138987844,0.2163175337278207,0.22592583209593955,-0.035838867106954664,-0.038008467205203955,-0.0337940951029786,0.0,200000,1.0387742474616486
0.5,128,8,blur1,100,20000,28,105,19557,0.18478504248457753,0.18279404654867287,0.18712683677854183,-0.02387630109826261,-0.024784882929179658,-0.02284290495585044,0.0,19557,1.0615599296189224
0.5,128,8,blur1,1000,20000,16,1069,19557,0.2160885859507399,0.2090422086524829,0.2236844046535424,-0.019550096398698674,-0.020433035748637616,-0.018655659769751403,0.0,19557,1.0615599296189224
0.5,128,8,blur1,1000,200000,28,1069,200000,0.24170976202529723,0.23768378506062882,0.24630824934013873,-0.01524980647153587,-0.015817111379664312,-0.014729145155622571,0.0,200000,1.0359387054765012
0.5,128,8,blur2,100,20000,28,105,19557,0.13173417689648334,0.12912438037969545,0.13532772835782655,-0.0769271666863568,-0.07951991313500963,-0.0744668835101774,0.0,19557,1.1261081604656378
0.5,128,8,blur2,1000,20000,16,1069,19557,0.17881294899078343,0.17129857785676125,0.18611451011158894,-0.05682573335865515,-0.05941045870010971,-0.05397051859878618,0.0,19557,1.1261081604656378
0.5,128,8,blur2,1000,200000,28,1069,200000,0.2153048199705988,0.2114309761899209,0.2196077392384902,-0.0416547485262343,-0.04273815176775259,-0.04086547014287371,0.0,200000,1.0603588220102789
0.5,128,8,blur1_threshold_minus02,100,20000,28,105,19557,0.1853696585766251,0.18305294556675908,0.18806063091508193,-0.023291685006215035,-0.024058321283181233,-0.02238415621662342,0.0,19557,1.0643447590408683
0.5,128,8,blur1_threshold_minus02,1000,20000,16,1069,19557,0.21613577414509863,0.20826820251655517,0.22427016367032407,-0.019502908204339947,-0.02130523945040064,-0.017865442838945235,0.0,19557,1.0643447590408683
0.5,128,8,blur1_threshold_minus02,1000,200000,28,1069,200000,0.24141036415288927,0.23748560528215648,0.2456971902208648,-0.015549204343943829,-0.016434464157926924,-0.014633073379409143,0.0,200000,1.0367370552562405
0.5,128,8,blur1_threshold_plus02,100,20000,28,105,19557,0.1854666176085721,0.1836135852220572,0.18739962368973137,-0.023194725974268027,-0.024202968394348014,-0.022293376936410217,0.0,19557,1.0643545062173636
0.5,128,8,blur1_threshold_plus02,1000,20000,16,1069,19557,0.2160138982217364,0.20928381390908826,0.22288574861593577,-0.01962478412770219,-0.020853702907812115,-0.01835257383479215,0.0,19557,1.0643545062173636
0.5,128,8,blur1_threshold_plus02,1000,200000,28,1069,200000,0.24108704815904114,0.23698169587492932,0.24583971529301835,-0.015872520337791962,-0.016353872265265648,-0.015441668455793112,0.0,200000,1.0358009591628117
0.5,128,8,crop96,100,20000,28,105,19557,0.21112240665489984,0.20837719555936365,0.2139369286577767,0.002461063072059705,0.00032586890247285496,0.004418669940913209,0.0,19557,1.0068903328320018
0.5,128,8,crop96,1000,20000,16,1069,19557,0.24027616397492318,0.231611840310687,0.24939479799399408,0.004637481625484607,0.0006679688802993342,0.008543040667450945,0.0,19557,1.0068903328320018
0.5,128,8,crop96,1000,200000,28,1069,200000,0.2594023165686604,0.25422709990563047,0.2654412706663044,0.0024427480718273165,0.00012830667658102072,0.004843539300824439,0.0,200000,1.0178189767481252
0.5,128,8,crop64,100,20000,28,105,19557,0.2099098571115056,0.2078466188752861,0.21239865758212437,0.0012485135286654514,0.0005089043072370452,0.002003184497595298,0.0,19557,1.0077240417953799
0.5,128,8,crop64,1000,20000,16,1069,19557,0.2374094280644294,0.2313218810641425,0.24432278331550086,0.0017707457149908346,0.0004728979183484937,0.003202954592769527,0.0,19557,1.0077240417953799
0.5,128,8,crop64,1000,200000,28,1069,200000,0.26385590205039844,0.25349133524386763,0.27596709985837964,0.006896333553565337,0.00027722788653962183,0.01522102489860548,0.0,200000,1.057307355829311
0.5,128,8,crop32,100,20000,28,105,19557,0.2074526714982249,0.20133498884869697,0.21337088202600946,-0.0012086720846152255,-0.006233225092144031,0.004187114774911329,0.058333333333333334,19557,1.0324229102819242
0.5,128,8,crop32,1000,20000,16,1069,19557,0.23401596366586477,0.21541687651551877,0.2549346576683193,-0.0016227186835738039,-0.01848700570735435,0.018410849320654576,0.058333333333333334,19557,1.0324229102819242
0.5,128,8,crop32,1000,200000,19,1069,34974,0.24792010448712085,0.22318660835910148,0.2787691186777769,0.0074888874410227735,-0.01445147321014247,0.03728206967505503,0.058333333333333334,34974,1.0555297839240576
0.5,128,8,periodic_engine,100,20000,28,105,19557,0.20866843801065393,0.20661140049285295,0.21101092070731864,7.094427813797433e-06,-0.0009675153798115766,0.0007690552090786325,0.0,19557,1.0024760617318458
0.5,128,8,periodic_engine,1000,20000,16,1069,19557,0.23643434764753696,0.2304074387995228,0.24322245416589025,0.0007956652980983803,-0.0010618465093275992,0.0022730216570915895,0.0,19557,1.0024760617318458
0.5,128,8,periodic_engine,1000,200000,28,1069,200000,0.25774540669922497,0.2527883992882217,0.262864764861736,0.0007858382023918642,-0.00048036625470490585,0.0020902512107943486,0.0,200000,0.9988556926232827
