estimator,ratio,ratio_low,ratio_high,status,composition,L,reference_L,sweep,n_small,n_reference
threshold_05,nan,nan,nan,unresolved,0.5,32,128,207231,16,16
positive_lobe,nan,nan,nan,unresolved,0.5,32,128,207231,16,16
spectral_moment,0.8517842079584668,0.8028580784154923,0.8987624421943333,resolved,0.5,32,128,207231,16,16
inverse_interface_proxy,0.8525873284822035,0.7874412557196186,0.9178746217781103,resolved,0.5,32,128,207231,16,16
threshold_05,nan,nan,nan,unresolved,0.5,32,128,1000000,16,16
positive_lobe,nan,nan,nan,unresolved,0.5,32,128,1000000,16,16
spectral_moment,0.6179690618179334,0.588869652328856,0.6454967511329427,resolved,0.5,32,128,1000000,16,16
inverse_interface_proxy,0.59064895684005,0.5513565882666749,0.6280462339985664,resolved,0.5,32,128,1000000,16,16
threshold_05,nan,nan,nan,unresolved,0.5,64,128,207231,16,16
positive_lobe,nan,nan,nan,unresolved,0.5,64,128,207231,16,16
spectral_moment,1.0158146118733973,0.9690160761543558,1.0674237907933082,resolved,0.5,64,128,207231,16,16
inverse_interface_proxy,1.0213714949062178,0.9641554272050992,1.0840270545923156,resolved,0.5,64,128,207231,16,16
threshold_05,nan,nan,nan,unresolved,0.5,64,128,1000000,16,16
positive_lobe,nan,nan,nan,unresolved,0.5,64,128,1000000,16,16
spectral_moment,0.93121549093821,0.8786081564449909,0.9851789031741212,resolved,0.5,64,128,1000000,16,16
inverse_interface_proxy,0.9213177807216183,0.8647822075973348,0.9814132386331467,resolved,0.5,64,128,1000000,16,16
threshold_05,1.0332120734725923,0.986993334563629,1.0842575004181598,resolved,0.5,96,128,207231,16,16
positive_lobe,nan,nan,nan,unresolved,0.5,96,128,207231,16,16
spectral_moment,1.003945486039806,0.9745219557426062,1.0340383480424478,resolved,0.5,96,128,207231,16,16
inverse_interface_proxy,0.9993614443726423,0.9646477287745838,1.0342426258202952,resolved,0.5,96,128,207231,16,16
threshold_05,nan,nan,nan,unresolved,0.5,96,128,1000000,16,16
positive_lobe,nan,nan,nan,unresolved,0.5,96,128,1000000,16,16
spectral_moment,1.008063437346764,0.9723216188485977,1.0466784270036018,resolved,0.5,96,128,1000000,16,16
inverse_interface_proxy,0.9997353192542622,0.9572742633284487,1.0457060522934005,resolved,0.5,96,128,1000000,16,16
threshold_05,0.757322705702602,0.7228197066355234,0.7920247987941282,resolved,0.15,32,128,207231,16,16
positive_lobe,0.7454589659603906,0.7161141611473403,0.7738084247337707,resolved,0.15,32,128,207231,16,16
spectral_moment,0.8484814448458451,0.8156333352737778,0.8841344892266525,resolved,0.15,32,128,207231,16,16
inverse_interface_proxy,0.8623747395304312,0.8094769133402282,0.9209415186253774,resolved,0.15,32,128,207231,16,16
threshold_05,0.4754767488684176,0.44507422443515443,0.5038577404060084,resolved,0.15,32,128,1000000,16,16
positive_lobe,0.4774138945552935,0.45096529830598275,0.5036120617835715,resolved,0.15,32,128,1000000,16,16
spectral_moment,0.6477446144174271,0.6172978224062688,0.6738884829518627,resolved,0.15,32,128,1000000,16,16
inverse_interface_proxy,0.6399531020598642,0.5977313178331266,0.6787526154691477,resolved,0.15,32,128,1000000,16,16
threshold_05,1.0748392489209535,0.96290552299219,1.201645640698499,resolved,0.15,64,128,207231,16,16
positive_lobe,nan,nan,nan,unresolved,0.15,64,128,207231,16,16
spectral_moment,1.042965465496364,0.9822267568630301,1.108271388340552,resolved,0.15,64,128,207231,16,16
inverse_interface_proxy,1.052483735647265,0.985561437768816,1.1276096378779645,resolved,0.15,64,128,207231,16,16
threshold_05,0.9669647211812438,0.9050295341618634,1.0276178767784117,resolved,0.15,64,128,1000000,16,16
positive_lobe,0.9474781596818886,0.8882581242482881,1.0057722955324249,resolved,0.15,64,128,1000000,16,16
spectral_moment,0.9625058612117177,0.9246771645037926,0.9990361832064192,resolved,0.15,64,128,1000000,16,16
inverse_interface_proxy,0.9532143931068328,0.9095093422607597,0.9947601918176838,resolved,0.15,64,128,1000000,16,16
threshold_05,0.9852159863577151,0.9389610762124724,1.0330102749022614,resolved,0.15,96,128,207231,16,16
positive_lobe,0.9874794376795496,0.9422325014807764,1.0336650407601837,resolved,0.15,96,128,207231,16,16
spectral_moment,0.9873899534291595,0.9563156861132412,1.0216504832184594,resolved,0.15,96,128,207231,16,16
inverse_interface_proxy,0.9848011928256921,0.944547747114724,1.0288318484183963,resolved,0.15,96,128,207231,16,16
threshold_05,1.1107929496665159,1.0159955590410665,1.2182919193123465,resolved,0.15,96,128,1000000,16,16
positive_lobe,nan,nan,nan,unresolved,0.15,96,128,1000000,16,16
spectral_moment,1.0487210796603077,0.9988258127673014,1.1007275908473504,resolved,0.15,96,128,1000000,16,16
inverse_interface_proxy,1.0412640493559067,0.9880043789449582,1.0966737516786413,resolved,0.15,96,128,1000000,16,16
