estimator,alpha,bootstrap_low,bootstrap_high,delta_vs_threshold,delta_low,delta_high,composition,L,nominal_t_min,nominal_t_max,used_t_min,used_t_max,n_points,n_replicas,unresolved_values
threshold_05,nan,nan,nan,nan,nan,nan,0.5,32,1000,20000,1091,2617,6,16,207
positive_lobe,nan,nan,nan,nan,nan,nan,0.5,32,1000,20000,1091,2617,6,16,294
spectral_moment,nan,nan,nan,nan,nan,nan,0.5,32,1000,20000,1091,2617,6,16,0
inverse_interface_proxy,nan,nan,nan,nan,nan,nan,0.5,32,1000,20000,1091,2617,6,16,0
threshold_05,nan,nan,nan,nan,nan,nan,0.5,32,1000,200000,1091,2617,6,16,207
positive_lobe,nan,nan,nan,nan,nan,nan,0.5,32,1000,200000,1091,2617,6,16,294
spectral_moment,nan,nan,nan,nan,nan,nan,0.5,32,1000,200000,1091,2617,6,16,0
inverse_interface_proxy,nan,nan,nan,nan,nan,nan,0.5,32,1000,200000,1091,2617,6,16,0
threshold_05,nan,nan,nan,nan,nan,nan,0.5,32,20000,200000,,,0,16,207
positive_lobe,nan,nan,nan,nan,nan,nan,0.5,32,20000,200000,,,0,16,294
spectral_moment,nan,nan,nan,nan,nan,nan,0.5,32,20000,200000,,,0,16,0
inverse_interface_proxy,nan,nan,nan,nan,nan,nan,0.5,32,20000,200000,,,0,16,0
threshold_05,nan,nan,nan,nan,nan,nan,0.5,32,20000,1000000,,,0,16,207
positive_lobe,nan,nan,nan,nan,nan,nan,0.5,32,20000,1000000,,,0,16,294
spectral_moment,nan,nan,nan,nan,nan,nan,0.5,32,20000,1000000,,,0,16,0
inverse_interface_proxy,nan,nan,nan,nan,nan,nan,0.5,32,20000,1000000,,,0,16,0
threshold_05,nan,nan,nan,nan,nan,nan,0.5,32,200000,1000000,,,0,16,207
positive_lobe,nan,nan,nan,nan,nan,nan,0.5,32,200000,1000000,,,0,16,294
spectral_moment,nan,nan,nan,nan,nan,nan,0.5,32,200000,1000000,,,0,16,0
inverse_interface_proxy,nan,nan,nan,nan,nan,nan,0.5,32,200000,1000000,,,0,16,0
threshold_05,0.23055331355015346,0.22019452721942925,0.24214579042927145,0.0,0.0,0.0,0.5,64,1000,20000,1091,10600,14,16,31
positive_lobe,0.2273258923177134,0.21290488580187067,0.24463861253717675,-0.0032274212324400475,-0.008972695908464298,0.003737192267735097,0.5,64,1000,20000,1091,10600,14,16,127
spectral_moment,0.14664016383463488,0.1397312077068645,0.15400076500783907,-0.08391314971551858,-0.08929301225033205,-0.07934974045643155,0.5,64,1000,20000,1091,10600,14,16,0
inverse_interface_proxy,0.1880652607733714,0.17861816610706774,0.19844393066352262,-0.042488052776782054,-0.04844822336326888,-0.03731098851322328,0.5,64,1000,20000,1091,10600,14,16,0
threshold_05,0.23055331355015346,0.21977717459678262,0.24190835213063347,0.0,0.0,0.0,0.5,64,1000,200000,1091,10600,14,16,31
positive_lobe,0.2273258923177134,0.2125180607637838,0.24393591989730828,-0.0032274212324400475,-0.008812149619452527,0.0036872509154479306,0.5,64,1000,200000,1091,10600,14,16,127
spectral_moment,0.14664016383463488,0.13964010033199234,0.15402501496397536,-0.08391314971551858,-0.08905086352195131,-0.07931005173168064,0.5,64,1000,200000,1091,10600,14,16,0
inverse_interface_proxy,0.1880652607733714,0.1783243924621887,0.19851099639573672,-0.042488052776782054,-0.048466867433704215,-0.03732798355794005,0.5,64,1000,200000,1091,10600,14,16,0
threshold_05,nan,nan,nan,nan,nan,nan,0.5,64,20000,200000,,,0,16,31
positive_lobe,nan,nan,nan,nan,nan,nan,0.5,64,20000,200000,,,0,16,127
spectral_moment,nan,nan,nan,nan,nan,nan,0.5,64,20000,200000,,,0,16,0
inverse_interface_proxy,nan,nan,nan,nan,nan,nan,0.5,64,20000,200000,,,0,16,0
threshold_05,nan,nan,nan,nan,nan,nan,0.5,64,20000,1000000,,,0,16,31
positive_lobe,nan,nan,nan,nan,nan,nan,0.5,64,20000,1000000,,,0,16,127
spectral_moment,nan,nan,nan,nan,nan,nan,0.5,64,20000,1000000,,,0,16,0
inverse_interface_proxy,nan,nan,nan,nan,nan,nan,0.5,64,20000,1000000,,,0,16,0
threshold_05,nan,nan,nan,nan,nan,nan,0.5,64,200000,1000000,,,0,16,31
positive_lobe,nan,nan,nan,nan,nan,nan,0.5,64,200000,1000000,,,0,16,127
spectral_moment,nan,nan,nan,nan,nan,nan,0.5,64,200000,1000000,,,0,16,0
inverse_interface_proxy,nan,nan,nan,nan,nan,nan,0.5,64,200000,1000000,,,0,16,0
threshold_05,0.23383176828945842,0.22597391869786806,0.24247243302495308,0.0,0.0,0.0,0.5,96,1000,20000,1091,17913,17,16,1
positive_lobe,0.22768374941545197,0.21965959844043012,0.23582605893250447,-0.006148018874006456,-0.008825808336382874,-0.0028814355688523224,0.5,96,1000,20000,1091,17913,17,16,30
spectral_moment,0.1491134758027683,0.14378125050115367,0.1551684862666553,-0.08471829248669013,-0.08776586361560411,-0.08196595781414763,0.5,96,1000,20000,1091,17913,17,16,0
inverse_interface_proxy,0.19043988287848507,0.18337896554514238,0.19842861279141388,-0.04339188541097336,-0.045270976339654184,-0.04156970818126792,0.5,96,1000,20000,1091,17913,17,16,0
threshold_05,0.2605000135776258,0.2532654222959025,0.26892226381269463,0.0,0.0,0.0,0.5,96,1000,200000,1091,173983,27,16,1
positive_lobe,0.2544342945166624,0.245695636173524,0.26390979992768726,-0.006065719060963426,-0.008707950964333907,-0.0030621838022911745,0.5,96,1000,200000,1091,173983,27,16,30
spectral_moment,0.1679085196056894,0.16401973486551222,0.17255878478127826,-0.09259149397193642,-0.09685930274907006,-0.08867152481509773,0.5,96,1000,200000,1091,173983,27,16,0
inverse_interface_proxy,0.2060626826290551,0.20172296651828034,0.2110722929916138,-0.0544373309485707,-0.05831627699304941,-0.05085743976700639,0.5,96,1000,200000,1091,173983,27,16,0
threshold_05,0.29749918386225094,0.27403225060248315,0.3193733972176317,0.0,0.0,0.0,0.5,96,20000,200000,21336,173983,10,16,1
positive_lobe,0.2912437536411959,0.2644036483610931,0.3181406475845748,-0.006255430221055014,-0.012685782958576497,0.003745977695433254,0.5,96,20000,200000,21336,173983,10,16,30
spectral_moment,0.19155981936678776,0.1770834971963541,0.2045980383586257,-0.10593936449546318,-0.11770763481385058,-0.09467792815295938,0.5,96,20000,200000,21336,173983,10,16,0
inverse_interface_proxy,0.2235306568153547,0.20716355682934864,0.23825076488017852,-0.07396852704689624,-0.08580543460003356,-0.06316893363423864,0.5,96,20000,200000,21336,173983,10,16,0
threshold_05,0.29749918386225094,0.275714634707382,0.3186050357306177,0.0,0.0,0.0,0.5,96,20000,1000000,21336,173983,10,16,1
positive_lobe,0.2912437536411959,0.2662377753733495,0.3174163473550916,-0.006255430221055014,-0.012701359604293071,0.004055512597884734,0.5,96,20000,1000000,21336,173983,10,16,30
spectral_moment,0.19155981936678776,0.17837443861596422,0.20428238849330727,-0.10593936449546318,-0.11694415776683424,-0.09539529580232092,0.5,96,20000,1000000,21336,173983,10,16,0
inverse_interface_proxy,0.2235306568153547,0.20821575972224457,0.23799202410865847,-0.07396852704689624,-0.08516091007225421,-0.06379265176568845,0.5,96,20000,1000000,21336,173983,10,16,0
threshold_05,nan,nan,nan,nan,nan,nan,0.5,96,200000,1000000,,,0,16,1
positive_lobe,nan,nan,nan,nan,nan,nan,0.5,96,200000,1000000,,,0,16,30
spectral_moment,nan,nan,nan,nan,nan,nan,0.5,96,200000,1000000,,,0,16,0
inverse_interface_proxy,nan,nan,nan,nan,nan,nan,0.5,96,200000,1000000,,,0,16,0
threshold_05,0.2338920649709522,0.2290717658788593,0.2388561541483635,0.0,0.0,0.0,0.5,128,1000,20000,1091,17913,17,16,0
positive_lobe,0.2248856295087529,0.21988792177205566,0.2300187478760013,-0.009006435462199286,-0.010361945277474745,-0.00775812919585465,0.5,128,1000,20000,1091,17913,17,16,17
spectral_moment,0.14991841883451848,0.1468648279415177,0.15297028372474156,-0.08397364613643371,-0.08613589794388092,-0.0819365805032355,0.5,128,1000,20000,1091,17913,17,16,0
inverse_interface_proxy,0.191045972397655,0.187144175018458,0.19500344679460604,-0.04284609257329719,-0.044691774002787156,-0.040862391560205436,0.5,128,1000,20000,1091,17913,17,16,0
threshold_05,0.2562217201433576,0.25143896561922213,0.2617746750416246,0.0,0.0,0.0,0.5,128,1000,200000,1091,173983,30,16,0
positive_lobe,0.2483422818917054,0.2432017830170901,0.2542555577563575,-0.007879438251652188,-0.008709960458384453,-0.006813225757495869,0.5,128,1000,200000,1091,173983,30,16,17
spectral_moment,0.16629301531291457,0.16335785738247235,0.16990015584185836,-0.08992870483044302,-0.09233885339345449,-0.08776416231121399,0.5,128,1000,200000,1091,173983,30,16,0
inverse_interface_proxy,0.20377475043787285,0.2005039060628709,0.20796261336329364,-0.052446969705484736,-0.05469626564066378,-0.05049048606551423,0.5,128,1000,200000,1091,173983,30,16,0
threshold_05,0.2802658270544985,0.26223534906207496,0.30031365938432036,0.0,0.0,0.0,0.5,128,20000,200000,21336,173983,13,16,0
positive_lobe,0.2756300293438999,0.25651395216942424,0.2967801197959182,-0.004635797710598577,-0.008052860948486241,-0.00046586949397312027,0.5,128,20000,200000,21336,173983,13,16,17
spectral_moment,0.18341672097622633,0.17230949877560853,0.19564892651478524,-0.09684910607827216,-0.10561413990040495,-0.08916623673797835,0.5,128,20000,200000,21336,173983,13,16,0
inverse_interface_proxy,0.21355259359905074,0.20024329321209636,0.22844175305537515,-0.06671323345544775,-0.07436474753960937,-0.05993296068149414,0.5,128,20000,200000,21336,173983,13,16,0
threshold_05,0.2853174461016107,0.2703952402082837,0.3019327735447211,0.0,0.0,0.0,0.5,128,20000,1000000,21336,246834,15,16,0
positive_lobe,0.2821191192805461,0.26465814612621164,0.30191873444531825,-0.0031983268210645788,-0.008197390257154508,0.0029423411419700635,0.5,128,20000,1000000,21336,246834,15,16,17
spectral_moment,0.1865170388615967,0.17795255019721185,0.19622628675279155,-0.09880040724001399,-0.10792887142415601,-0.09167363487182227,0.5,128,20000,1000000,21336,246834,15,16,0
inverse_interface_proxy,0.2158670380752235,0.20567641099704753,0.2277647862890973,-0.06945040802638719,-0.077777525384428,-0.06352960657383663,0.5,128,20000,1000000,21336,246834,15,16,0
threshold_05,nan,nan,nan,nan,nan,nan,0.5,128,200000,1000000,207231,246834,2,16,0
positive_lobe,nan,nan,nan,nan,nan,nan,0.5,128,200000,1000000,207231,246834,2,16,17
spectral_moment,nan,nan,nan,nan,nan,nan,0.5,128,200000,1000000,207231,246834,2,16,0
inverse_interface_proxy,nan,nan,nan,nan,nan,nan,0.5,128,200000,1000000,207231,246834,2,16,0
threshold_05,nan,nan,nan,nan,nan,nan,0.15,32,1000,20000,1548,4421,5,16,0
positive_lobe,nan,nan,nan,nan,nan,nan,0.15,32,1000,20000,1548,4421,5,16,32
spectral_moment,nan,nan,nan,nan,nan,nan,0.15,32,1000,20000,1548,4421,5,16,0
inverse_interface_proxy,nan,nan,nan,nan,nan,nan,0.15,32,1000,20000,1548,4421,5,16,0
threshold_05,0.22209126842561813,0.21425190485353587,0.2306548970500472,0.0,0.0,0.0,0.15,32,1000,200000,1548,173983,16,16,0
positive_lobe,0.2030058032698733,0.19499073565048897,0.21226506463947314,-0.01908546515574483,-0.02373531358945404,-0.015051204437950726,0.15,32,1000,200000,1548,173983,16,16,32
spectral_moment,0.13439424317621995,0.1283861198367416,0.14037684721380758,-0.08769702524939818,-0.09213173097646274,-0.08357989244929043,0.15,32,1000,200000,1548,173983,16,16,0
inverse_interface_proxy,0.16636737950835742,0.15727210626027532,0.17519993776538356,-0.05572388891726071,-0.06114347063905135,-0.05015108471195985,0.15,32,1000,200000,1548,173983,16,16,0
threshold_05,0.1221896263524741,0.07536500864033356,0.173676931802911,0.0,0.0,0.0,0.15,32,20000,200000,21336,173983,11,16,0
positive_lobe,0.10768502606147111,0.06334485656338804,0.15559548382162172,-0.014504600291002992,-0.022120283867126816,-0.007047545680035904,0.15,32,20000,200000,21336,173983,11,16,32
spectral_moment,0.08211061737681927,0.050708098091732864,0.11194759807140453,-0.040079008975654834,-0.06803224458660949,-0.012739829740464627,0.15,32,20000,200000,21336,173983,11,16,0
inverse_interface_proxy,0.10189534429897773,0.059268245436549204,0.14159573413249557,-0.02029428205349637,-0.05368393619766489,0.013764394093625561,0.15,32,20000,200000,21336,173983,11,16,0
threshold_05,0.04036341282284188,0.02181953271552604,0.06046529282133725,0.0,0.0,0.0,0.15,32,20000,1000000,21336,1000000,20,16,0
positive_lobe,0.0373395757577877,0.020103372181044556,0.055822380527095525,-0.0030238370650541788,-0.007174600449903206,0.0008261474847336564,0.15,32,20000,1000000,21336,1000000,20,16,32
spectral_moment,0.024629207497417087,0.014717975220712266,0.03509282743507176,-0.015734205325424792,-0.02604313057928,-0.00609825622338386,0.15,32,20000,1000000,21336,1000000,20,16,0
inverse_interface_proxy,0.03028205388771509,0.017498268217075064,0.04311823788973141,-0.01008135893512679,-0.020562788323814096,0.00013637458611128107,0.15,32,20000,1000000,21336,1000000,20,16,0
threshold_05,nan,nan,nan,nan,nan,nan,0.15,32,200000,1000000,207231,1000000,9,16,0
positive_lobe,nan,nan,nan,nan,nan,nan,0.15,32,200000,1000000,207231,1000000,9,16,32
spectral_moment,nan,nan,nan,nan,nan,nan,0.15,32,200000,1000000,207231,1000000,9,16,0
inverse_interface_proxy,nan,nan,nan,nan,nan,nan,0.15,32,200000,1000000,207231,1000000,9,16,0
threshold_05,0.2367404537668292,0.2238642799583564,0.24913452956493906,0.0,0.0,0.0,0.15,64,1000,20000,1091,15039,16,16,0
positive_lobe,0.23640877625299803,0.22244886228406036,0.2494169838684312,-0.0003316775138311745,-0.006562048496109867,0.007360802810674472,0.15,64,1000,20000,1091,15039,16,16,37
spectral_moment,0.14228574433334285,0.13472907044367774,0.14942390436680456,-0.09445470943348636,-0.09995905095159932,-0.08847516895719805,0.15,64,1000,20000,1091,15039,16,16,0
inverse_interface_proxy,0.17978764718256635,0.17022765603721737,0.18913492296104337,-0.056952806584262855,-0.06155849943211294,-0.052092101279136556,0.15,64,1000,20000,1091,15039,16,16,0
threshold_05,0.25793832379136455,0.247676847154606,0.26752670544774704,0.0,0.0,0.0,0.15,64,1000,200000,1091,86439,17,16,0
positive_lobe,0.2522203476784683,0.24095858049644622,0.2632538700629218,-0.005717976112896261,-0.01004808324024865,-0.00016955268579414622,0.15,64,1000,200000,1091,86439,17,16,37
spectral_moment,0.15496473819348683,0.14803595272629502,0.16130565020406504,-0.10297358559787773,-0.10655632986563075,-0.09925847245246176,0.15,64,1000,200000,1091,86439,17,16,0
inverse_interface_proxy,0.1913929479172031,0.1826832145420486,0.1995874202445166,-0.06654537587416146,-0.06950051192868122,-0.06358366976113108,0.15,64,1000,200000,1091,86439,17,16,0
threshold_05,nan,nan,nan,nan,nan,nan,0.15,64,20000,200000,86439,86439,1,16,0
positive_lobe,nan,nan,nan,nan,nan,nan,0.15,64,20000,200000,86439,86439,1,16,37
spectral_moment,nan,nan,nan,nan,nan,nan,0.15,64,20000,200000,86439,86439,1,16,0
inverse_interface_proxy,nan,nan,nan,nan,nan,nan,0.15,64,20000,200000,86439,86439,1,16,0
threshold_05,0.2576456897414395,0.23057671679841868,0.2866241281430891,0.0,0.0,0.0,0.15,64,20000,1000000,86439,1000000,6,16,0
positive_lobe,0.2389520286709512,0.20980320083448822,0.2694686273384647,-0.018693661070488282,-0.02643755895314548,-0.01114176076136184,0.15,64,20000,1000000,86439,1000000,6,16,37
spectral_moment,0.14643678332723645,0.12953977698114363,0.16480876239396777,-0.11120890641420303,-0.12364618758642401,-0.09993362194965157,0.15,64,20000,1000000,86439,1000000,6,16,0
inverse_interface_proxy,0.15324909000655063,0.13307816474764556,0.17484589206869086,-0.10439659973488885,-0.11671978463277462,-0.09308253200068266,0.15,64,20000,1000000,86439,1000000,6,16,0
threshold_05,nan,nan,nan,nan,nan,nan,0.15,64,200000,1000000,496824,1000000,5,16,0
positive_lobe,nan,nan,nan,nan,nan,nan,0.15,64,200000,1000000,496824,1000000,5,16,37
spectral_moment,nan,nan,nan,nan,nan,nan,0.15,64,200000,1000000,496824,1000000,5,16,0
inverse_interface_proxy,nan,nan,nan,nan,nan,nan,0.15,64,200000,1000000,496824,1000000,5,16,0
threshold_05,0.2315500693920593,0.22074230175555914,0.24085381138585626,0.0,0.0,0.0,0.15,96,1000,20000,1091,17913,17,16,0
positive_lobe,0.22365836799468286,0.2126407343114169,0.23335430208658822,-0.007891701397376438,-0.010316021535478238,-0.005517719384183335,0.15,96,1000,20000,1091,17913,17,16,14
spectral_moment,0.1391437417064003,0.13242539825159888,0.1448182935795644,-0.09240632768565901,-0.09635924409132768,-0.08795749631387079,0.15,96,1000,20000,1091,17913,17,16,0
inverse_interface_proxy,0.1756653108627619,0.1671854586298068,0.18252401960877712,-0.05588475852929739,-0.05914639873856832,-0.05214847509135603,0.15,96,1000,20000,1091,17913,17,16,0
threshold_05,0.25129548545901326,0.24410120478713623,0.25913515788274966,0.0,0.0,0.0,0.15,96,1000,200000,1091,146069,27,16,0
positive_lobe,0.24131200307596512,0.23387358605759095,0.24926831468997415,-0.009983482383048137,-0.011614980198056898,-0.008106440272931796,0.15,96,1000,200000,1091,146069,27,16,14
spectral_moment,0.14987687987470205,0.14586443464473225,0.15409447360027387,-0.1014186055843112,-0.10536101068570627,-0.09776855192798801,0.15,96,1000,200000,1091,146069,27,16,0
inverse_interface_proxy,0.18249885632416785,0.17805645719116234,0.1871320044844636,-0.06879662913484541,-0.07283391356395243,-0.06499537365704326,0.15,96,1000,200000,1091,146069,27,16,0
threshold_05,0.289175917025712,0.27026029317628913,0.3082771980384237,0.0,0.0,0.0,0.15,96,20000,200000,21336,146069,10,16,0
positive_lobe,0.2763268485391147,0.25861767980196565,0.2941830076514435,-0.012849068486597282,-0.017236071220426,-0.008008624771175863,0.15,96,20000,200000,21336,146069,10,16,14
spectral_moment,0.16833828011141355,0.15554354151934402,0.1823233350887733,-0.12083763691429844,-0.12937133744771745,-0.11215636365801196,0.15,96,20000,200000,21336,146069,10,16,0
inverse_interface_proxy,0.19249369685902767,0.17592964860932678,0.2113406818167663,-0.09668222016668432,-0.10697454794326267,-0.08711941617200433,0.15,96,20000,200000,21336,146069,10,16,0
threshold_05,0.27263932398470975,0.2556376997825536,0.2894615960692052,0.0,0.0,0.0,0.15,96,20000,1000000,21336,350190,14,16,0
positive_lobe,0.2578759119148102,0.24047580640525795,0.27555052197067526,-0.014763412069899562,-0.018615468350351574,-0.011129158882050233,0.15,96,20000,1000000,21336,350190,14,16,14
spectral_moment,0.1607165085912385,0.15118125001966767,0.17014875627664147,-0.11192281539347124,-0.11977929355129156,-0.10322453262130396,0.15,96,20000,1000000,21336,350190,14,16,0
inverse_interface_proxy,0.18131260801521723,0.17069066919647036,0.19190969203130523,-0.09132671596949252,-0.09966137523823287,-0.08232516043283296,0.15,96,20000,1000000,21336,350190,14,16,0
threshold_05,nan,nan,nan,nan,nan,nan,0.15,96,200000,1000000,207231,350190,4,16,0
positive_lobe,nan,nan,nan,nan,nan,nan,0.15,96,200000,1000000,207231,350190,4,16,14
spectral_moment,nan,nan,nan,nan,nan,nan,0.15,96,200000,1000000,207231,350190,4,16,0
inverse_interface_proxy,nan,nan,nan,nan,nan,nan,0.15,96,200000,1000000,207231,350190,4,16,0
threshold_05,0.2348451588032116,0.2272285142302028,0.2424713933020173,0.0,0.0,0.0,0.15,128,1000,20000,1091,17913,17,16,0
positive_lobe,0.227353662354717,0.2205020262635554,0.23423625566414902,-0.007491496448494617,-0.009482277763694542,-0.005548561551338437,0.15,128,1000,20000,1091,17913,17,16,0
spectral_moment,0.14086221002997423,0.1360195723021683,0.1455822922829476,-0.09398294877323737,-0.09682805654293927,-0.09113951325455082,0.15,128,1000,20000,1091,17913,17,16,0
inverse_interface_proxy,0.17772175158729145,0.17111803289606656,0.18400357220508695,-0.05712340721592016,-0.058900431423889975,-0.05527693132847862,0.15,128,1000,20000,1091,17913,17,16,0
threshold_05,0.2523062682656867,0.24838688090369554,0.25600095560141284,0.0,0.0,0.0,0.15,128,1000,200000,1091,173983,30,16,0
positive_lobe,0.24122142893344772,0.2368018474108712,0.24535304688517542,-0.011084839332238972,-0.01184757876361066,-0.010348774258051122,0.15,128,1000,200000,1091,173983,30,16,0
spectral_moment,0.15065632829780484,0.14817440267845508,0.15306032320303126,-0.10164993996788185,-0.1030933873358124,-0.10014682537236946,0.15,128,1000,200000,1091,173983,30,16,0
inverse_interface_proxy,0.18226234663514415,0.17944337482735023,0.18512854772110215,-0.07004392163054254,-0.07126647635942232,-0.06878816658425395,0.15,128,1000,200000,1091,173983,30,16,0
threshold_05,0.27546702116856564,0.258761442776515,0.29162002657490765,0.0,0.0,0.0,0.15,128,20000,200000,21336,173983,13,16,0
positive_lobe,0.26215890387584617,0.2446282926171635,0.2788765256401437,-0.013308117292719468,-0.015529917110318472,-0.011090955956200353,0.15,128,20000,200000,21336,173983,13,16,0
spectral_moment,0.16394365620012719,0.15452889103937104,0.1730940762940854,-0.11152336496843845,-0.11913640063531454,-0.10354231601121874,0.15,128,20000,200000,21336,173983,13,16,0
inverse_interface_proxy,0.1877280567164806,0.17709899190513737,0.1982574323873257,-0.08773896445208504,-0.09557615295831047,-0.07982974127728097,0.15,128,20000,200000,21336,173983,13,16,0
threshold_05,0.2811272864040607,0.26739756981795654,0.2942984376798083,0.0,0.0,0.0,0.15,128,20000,1000000,21336,1000000,23,16,0
positive_lobe,0.27080194605476315,0.25606035999154475,0.2851024731840956,-0.010325340349297552,-0.012140155896765025,-0.008506191671180037,0.15,128,20000,1000000,21336,1000000,23,16,0
spectral_moment,0.1662651255982483,0.15878147924716313,0.1735495732477827,-0.11486216080581241,-0.12135519462055569,-0.10806600439990739,0.15,128,20000,1000000,21336,1000000,23,16,0
inverse_interface_proxy,0.18232901734487383,0.1747230299573227,0.19008854626197966,-0.09879826905918687,-0.10601569819409465,-0.09152550896307664,0.15,128,20000,1000000,21336,1000000,23,16,0
threshold_05,nan,nan,nan,nan,nan,nan,0.15,128,200000,1000000,207231,1000000,10,16,0
positive_lobe,nan,nan,nan,nan,nan,nan,0.15,128,200000,1000000,207231,1000000,10,16,0
spectral_moment,nan,nan,nan,nan,nan,nan,0.15,128,200000,1000000,207231,1000000,10,16,0
inverse_interface_proxy,nan,nan,nan,nan,nan,nan,0.15,128,200000,1000000,207231,1000000,10,16,0
