composition,contrast,kind,delta,low,high
0.5,matched - native (half),processing,-0.05047463176891387,-0.052928745955442946,-0.047821771538474674
0.5,majority - native (half),processing,-0.012172345077976987,-0.012953623906530798,-0.011265775918539854
0.5,matched - native (chord),processing,-0.00737760747833624,-0.011102008812270725,-0.0036429653250809276
0.5,majority - native (chord),processing,0.016880292568786454,0.015645247844148266,0.01830885633186552
0.5,chord - half (native),observable,-0.055180578054640494,-0.06083389341195654,-0.05034682091893384
0.5,chord - half (matched),observable,-0.012083553764062865,-0.017568746413149518,-0.005835832828453675
0.5,chord - half (majority),observable,-0.026127940407877054,-0.030749893224936257,-0.021870397578933963
0.5,matched: chord shift - half shift,interaction,0.04309702429057766,0.039987185379976024,0.04618907833807993
0.5,majority: chord shift - half shift,interaction,0.02905263764676344,0.027891010077995854,0.030559169361866655
0.15,matched - native (half),processing,-0.0765110910393823,-0.08005570151425193,-0.07255117538731323
0.15,majority - native (half),processing,-0.011400041012534723,-0.012310315216268868,-0.010542317959402109
0.15,matched - native (chord),processing,-0.012812295943677943,-0.015342883607407466,-0.00999222929293406
0.15,majority - native (chord),processing,0.03913836192128484,0.035350992431834906,0.042554202859451
0.15,chord - half (native),observable,-0.06398131220326003,-0.0687271390510113,-0.05924117671987254
0.15,chord - half (matched),observable,-0.0002825171075556687,-0.0056392047398197585,0.0045349767557056105
0.15,chord - half (majority),observable,-0.013442909269440473,-0.019372605600711836,-0.008317566412636828
0.15,matched: chord shift - half shift,interaction,0.06369879509570436,0.06024797714363906,0.06742616190498604
0.15,majority: chord shift - half shift,interaction,0.05053840293381956,0.04639796950205263,0.053939410550210135
