composition,factor,origin,observable,stage,trajectories,available_points,retained_points,first_sweep,last_sweep,native_alpha,alpha,delta,ratio_slope,identity_error,low,high,ratio_first,ratio_last,tolerance_label,directional_02_adaptation,observed_three_pixel_screen,min_treatment_half_pixels
0.5,2,0,half,integrated,16,17,17,1091,17913,0.23369247807769314,0.19742037281057706,-0.03627210526711608,-0.03627210526711617,9.020562075079397e-17,-0.03723711826139892,-0.03540412080508477,1.284482746726612,1.1692608970900609,outside,flag,flag,1.0448468174410672
0.5,2,0,half,fixed,16,17,17,1091,17913,0.23369247807769314,0.22897419877397482,-0.00471827930371832,-0.004718279303718383,6.245004513516506e-17,-0.006159340680829767,-0.003312437250653865,1.0604153536648513,1.03594727799076,within,flag,flag,0.8780094853866813
0.5,2,0,half,matched,16,17,17,1091,17913,0.23369247807769314,0.23418680901387542,0.0004943309361822856,0.0004943309361821955,9.009720053354542e-17,-0.0002828217582261498,0.0012528755705505012,1.0387493620619446,1.029331719624184,within,flag,flag,0.8571428571428572
0.5,2,0,lobe,integrated,16,17,17,1091,17913,0.2241342197133505,0.20713513612255785,-0.016999083590792663,-0.016999083590792607,5.551115123125783e-17,-0.017699396236353332,-0.016431081783047953,1.179550151069906,1.1259195697131015,within,flag,flag,1.0448468174410672
0.5,2,0,lobe,fixed,16,17,17,1091,17913,0.2241342197133505,0.21473043731894828,-0.009403782394402233,-0.009403782394402243,1.0408340855860843e-17,-0.010603176513586467,-0.008118729683848117,1.0639486221627352,1.032032668816854,within,flag,flag,0.8780094853866813
0.5,2,0,lobe,matched,16,17,17,1091,17913,0.2241342197133505,0.21604199658018383,-0.008092223133166682,-0.008092223133166628,5.377642775528102e-17,-0.008768500876859079,-0.007331370799898197,1.051533754717785,1.0260480935525018,within,flag,flag,0.8571428571428572
0.5,2,1,half,integrated,16,17,17,1091,17913,0.23346356389640094,0.19677038862922633,-0.03669317526717461,-0.03669317526717462,6.938893903907228e-18,-0.03770709314817594,-0.03589032498926017,1.2869643392609535,1.1688432019370527,outside,flag,flag,1.0694971687658792
0.5,2,1,half,fixed,16,17,17,1091,17913,0.23346356389640094,0.22881478347430984,-0.004648780422091103,-0.004648780422091127,2.3418766925686896e-17,-0.006107105976632339,-0.0032615258779420692,1.0564442873048523,1.0391944593127331,within,flag,flag,0.884672340977918
0.5,2,1,half,matched,16,17,17,1091,17913,0.23346356389640094,0.2339759145789725,0.0005123506825715496,0.00051235068257151,3.957337929572091e-17,-0.0005963790865744986,0.001679902524911767,1.0357081824042687,1.0308145603432015,within,flag,flag,0.8652360515021459
0.5,2,1,lobe,integrated,16,17,17,1091,17913,0.22408362917291635,0.20667168267281652,-0.017411946500099834,-0.017411946500099768,6.591949208711867e-17,-0.018096631166405128,-0.016872524310551935,1.1812742791639774,1.1258458967287297,within,flag,flag,1.0694971687658792
0.5,2,1,lobe,fixed,16,17,17,1091,17913,0.22408362917291635,0.21423834211121795,-0.009845287061698405,-0.009845287061698441,3.642919299551295e-17,-0.01113154149849569,-0.008703444358893375,1.0611349673111672,1.033587365310275,within,flag,flag,0.884672340977918
0.5,2,1,lobe,matched,16,17,17,1091,17913,0.22408362917291635,0.21545461238049007,-0.00862901679242628,-0.008629016792426336,5.551115123125783e-17,-0.009511197567013872,-0.007683287302532565,1.0507640726212315,1.0266832876181573,within,flag,flag,0.8652360515021459
0.5,2,2,half,integrated,16,17,17,1091,17913,0.23365743169461634,0.1975635767091921,-0.03609385498542422,-0.03609385498542422,0.0,-0.037088612544937574,-0.035113290490700805,1.2851729616670944,1.169445941296516,outside,flag,flag,1.046477558364219
0.5,2,2,half,fixed,16,17,17,1091,17913,0.23365743169461634,0.2297713124288028,-0.0038861192658135313,-0.0038861192658135486,1.734723475976807e-17,-0.005030573290282356,-0.0026788541461462818,1.0557821804528538,1.0385386909260752,within,flag,flag,0.879793481138937
0.5,2,2,half,matched,16,17,17,1091,17913,0.23365743169461634,0.23421329360973495,0.0005558619151186106,0.0005558619151186032,7.37257477290143e-18,-0.0003681873462961539,0.0013487935049298165,1.0368434219481626,1.030125149002542,within,flag,flag,0.8535139712108383
0.5,2,2,lobe,integrated,16,17,17,1091,17913,0.22418478297679323,0.2072940339493609,-0.016890749027432317,-0.016890749027432365,4.85722573273506e-17,-0.01770579238926008,-0.016092682644138274,1.1797561093750988,1.1260099797343892,within,flag,flag,1.046477558364219
0.5,2,2,lobe,fixed,16,17,17,1091,17913,0.22418478297679323,0.21471245510373047,-0.009472327873062764,-0.009472327873062694,6.938893903907228e-17,-0.010645344588020708,-0.008283777845836893,1.0610048640079315,1.0326814323132951,within,flag,flag,0.879793481138937
0.5,2,2,lobe,matched,16,17,17,1091,17913,0.22418478297679323,0.21586203194862133,-0.008322751028171899,-0.00832275102817189,8.673617379884035e-18,-0.009125867183957885,-0.007609052692790591,1.0500434168828985,1.0266025723973187,within,flag,flag,0.8535139712108383
0.5,2,3,half,integrated,16,17,17,1091,17913,0.2334284974655816,0.1967434464140069,-0.03668505105157471,-0.036685051051574755,4.163336342344337e-17,-0.03771381118545068,-0.03573330306800698,1.2879189978203005,1.1684437175078497,outside,flag,flag,1.0652542355524242
0.5,2,3,half,fixed,16,17,17,1091,17913,0.2334284974655816,0.23021175434610805,-0.003216743119473564,-0.0032167431194735675,3.469446951953614e-18,-0.00469243036970116,-0.00177703432954082,1.055604000153914,1.0428775047104852,within,flag,flag,0.8722781439787357
0.5,2,3,half,matched,16,17,17,1091,17913,0.2334284974655816,0.23478270329914683,0.001354205833565214,0.0013542058335651343,7.979727989493313e-17,0.00027999923804147776,0.0022834418776969214,1.0363114309250077,1.0328716746145405,within,flag,flag,0.8499156829679595
0.5,2,3,lobe,integrated,16,17,17,1091,17913,0.22413416978337172,0.2066898177366755,-0.017444352046696227,-0.017444352046696195,3.122502256758253e-17,-0.018166604704745,-0.01668263321083828,1.1820405163074221,1.1254481197833377,within,flag,flag,1.0652542355524242
0.5,2,3,lobe,fixed,16,17,17,1091,17913,0.22413416978337172,0.2152517952167422,-0.00888237456662952,-0.008882374566629464,5.551115123125783e-17,-0.010125825041916774,-0.007634250397203228,1.06085688447645,1.0364681097030835,within,flag,flag,0.8722781439787357
0.5,2,3,lobe,matched,16,17,17,1091,17913,0.22413416978337172,0.21609366810313904,-0.008040501680232681,-0.008040501680232624,5.724587470723463e-17,-0.008596577348499657,-0.007487017157186152,1.0515037039414905,1.028189745126972,within,flag,flag,0.8499156829679595
0.5,4,0,half,integrated,16,17,17,1091,17913,0.23369247807769314,0.23224349040446918,-0.0014489876732239615,-0.0014489876732239645,3.0357660829594124e-18,-0.0038819685380183403,0.0007272688466420449,1.3697616959462346,1.3446910527932345,within,flag,flag,0.5388509831024197
0.5,4,0,half,fixed,16,17,17,1091,17913,0.23369247807769314,0.17778574020782037,-0.05590673786987277,-0.05590673786987286,9.020562075079397e-17,-0.05907087565917699,-0.053020412510676296,1.2683975419124207,1.0822720740133678,outside,flag,flag,0.5191014290361254
0.5,4,0,half,matched,16,17,17,1091,17913,0.23369247807769314,0.17737240614601504,-0.056320071931678095,-0.0563200719316782,1.0408340855860843e-16,-0.059310868397682986,-0.05344018868921498,1.2666815041402015,1.0821823417958194,outside,flag,flag,0.5155925155925156
0.5,4,0,lobe,integrated,16,17,17,1091,17913,0.2241342197133505,0.1975840739567566,-0.026550145756593924,-0.02655014575659393,6.938893903907228e-18,-0.028879219171176314,-0.024434958980238265,1.3182515095019458,1.2238587368463307,outside,flag,flag,0.5388509831024197
0.5,4,0,lobe,fixed,16,17,17,1091,17913,0.2241342197133505,0.1841627747147188,-0.0399714449986317,-0.03997144499863169,6.938893903907228e-18,-0.04337645907336477,-0.03664449574047044,1.2107815347754063,1.0784086975626583,outside,flag,flag,0.5191014290361254
0.5,4,0,lobe,matched,16,17,17,1091,17913,0.2241342197133505,0.1839667676346813,-0.0401674520786692,-0.04016745207866917,3.469446951953614e-17,-0.04339022745485405,-0.03692833198673718,1.2082412353064933,1.0785116047074357,outside,flag,flag,0.5155925155925156
0.5,4,1,half,integrated,16,17,17,1091,17913,0.23368411637244568,0.23427204972208535,0.0005879333496396633,0.0005879333496395121,1.5113778284447932e-16,-0.001460084364918572,0.0023595167142793656,1.3627787727747633,1.3492466771854976,within,flag,flag,0.5525264001970746
0.5,4,1,half,fixed,16,17,17,1091,17913,0.23368411637244568,0.17983840400407525,-0.053845712368370435,-0.053845712368370546,1.1102230246251565e-16,-0.05716674769835717,-0.05027763666789348,1.2640716065601139,1.0917541041413168,outside,flag,flag,0.5224597952274707
0.5,4,1,half,matched,16,17,17,1091,17913,0.23368411637244568,0.17870195056792113,-0.05498216580452456,-0.054982165804524606,4.85722573273506e-17,-0.05826806342269018,-0.0517147153118156,1.2656326064048253,1.0882629989117605,outside,flag,flag,0.512396694214876
0.5,4,1,lobe,integrated,16,17,17,1091,17913,0.22434451187114993,0.1997201707251614,-0.02462434114598852,-0.02462434114598846,6.245004513516506e-17,-0.026553354092440536,-0.02295282534571716,1.3105398883708266,1.227320220895112,outside,flag,flag,0.5525264001970746
0.5,4,1,lobe,fixed,16,17,17,1091,17913,0.22434451187114993,0.18584591787667784,-0.038498593994472086,-0.038498593994471954,1.3183898417423734e-16,-0.042424724259012773,-0.03443959422303488,1.2054508971559033,1.0847726619601288,outside,flag,flag,0.5224597952274707
0.5,4,1,lobe,matched,16,17,17,1091,17913,0.22434451187114993,0.1849639560356748,-0.03938055583547512,-0.03938055583547514,2.0816681711721685e-17,-0.04322825062398904,-0.03554157146008657,1.2075797977058416,1.0826710585400308,outside,flag,flag,0.512396694214876
0.5,4,2,half,integrated,16,17,17,1091,17913,0.23363502169682224,0.23298591458135376,-0.000649107115468478,-0.0006491071154683847,9.324138683375338e-17,-0.0034825371926879684,0.002239639280850219,1.369429560191134,1.3434670885869624,within,flag,flag,0.5407486288331417
0.5,4,2,half,fixed,16,17,17,1091,17913,0.23363502169682224,0.17741291934955447,-0.056222102347267766,-0.05622210234726772,4.85722573273506e-17,-0.059729650123883544,-0.053196641732936166,1.2763932979527493,1.0834825101885106,outside,flag,flag,0.5243323644496735
0.5,4,2,half,matched,16,17,17,1091,17913,0.23363502169682224,0.177976494795894,-0.055658526900928235,-0.0556585269009282,3.469446951953614e-17,-0.058800739610167414,-0.05285434588343906,1.2734869451143485,1.0825569993958133,outside,flag,flag,0.5155925155925156
0.5,4,2,lobe,integrated,16,17,17,1091,17913,0.22421662267283807,0.1984508554596989,-0.025765767213139168,-0.025765767213139126,4.163336342344337e-17,-0.028743932827147208,-0.022722119635103424,1.3174747466120518,1.2235206279473576,outside,flag,flag,0.5407486288331417
0.5,4,2,lobe,fixed,16,17,17,1091,17913,0.22421662267283807,0.18357487998693867,-0.0406417426858994,-0.04064174268589935,4.85722573273506e-17,-0.04502258715726809,-0.03654653402428228,1.2204029046173128,1.0805284147026577,outside,flag,flag,0.5243323644496735
0.5,4,2,lobe,matched,16,17,17,1091,17913,0.22421662267283807,0.18388399708053815,-0.040332625592299914,-0.040332625592299824,9.020562075079397e-17,-0.043785141030527636,-0.03694760292925122,1.2166529837695372,1.079566098049635,outside,flag,flag,0.5155925155925156
0.5,4,3,half,integrated,16,17,17,1091,17913,0.23362660789910517,0.23477006586682858,0.0011434579677234158,0.001143457967723408,7.806255641895632e-18,-0.001180983429299644,0.003190820770739724,1.3606966514734478,1.3472155415526375,within,flag,flag,0.5512042546916823
0.5,4,3,half,fixed,16,17,17,1091,17913,0.23362660789910517,0.1788343743936301,-0.054792233505475074,-0.05479223350547511,3.469446951953614e-17,-0.05801169890419594,-0.0513461470495271,1.2672566965753373,1.0923809004845044,outside,flag,flag,0.5237076112074691
0.5,4,3,half,matched,16,17,17,1091,17913,0.23362660789910517,0.17908048308968846,-0.0545461248094167,-0.05454612480941664,6.245004513516506e-17,-0.05741717736038048,-0.05167541766295834,1.267555253863205,1.090265053097817,outside,flag,flag,0.5232067510548523
0.5,4,3,lobe,integrated,16,17,17,1091,17913,0.22442695559243334,0.20034467163692696,-0.02408228395550638,-0.024082283955506413,3.469446951953614e-17,-0.026588652720225175,-0.021770338883543065,1.30799029577198,1.2265198382124942,outside,flag,flag,0.5512042546916823
0.5,4,3,lobe,fixed,16,17,17,1091,17913,0.22442695559243334,0.18522957036463364,-0.0391973852277997,-0.039197385227799704,6.938893903907228e-18,-0.04279049752185297,-0.03568883889184265,1.2078822110070775,1.0894836314700742,outside,flag,flag,0.5237076112074691
0.5,4,3,lobe,matched,16,17,17,1091,17913,0.22442695559243334,0.18576761021312274,-0.038659345379310595,-0.03865934537931071,1.1796119636642288e-16,-0.042035877359179276,-0.035522456925346606,1.208140169143592,1.0861587348109634,outside,flag,flag,0.5232067510548523
0.5,8,0,half,integrated,16,17,17,1091,17913,0.23369247807769314,0.09612375746665358,-0.13756872061103956,-0.13756872061103964,8.326672684688674e-17,-0.1464589921245847,-0.1290198695262408,1.9189948657146563,1.318544472307812,outside,flag,flag,0.37972237573678796
0.5,8,0,half,fixed,16,17,17,1091,17913,0.23369247807769314,0.06364097941215086,-0.17005149866554228,-0.1700514986655423,2.7755575615628914e-17,-0.17889910804733045,-0.16164204417428335,1.9951413991694282,1.251067317475923,outside,flag,flag,0.38426699457450203
0.5,8,0,half,matched,16,17,17,1091,17913,0.23369247807769314,0.0647994365345304,-0.16889304154316276,-0.16889304154316281,5.551115123125783e-17,-0.177596500490888,-0.16038136710709325,1.9958212589221431,1.2522081218174834,outside,flag,flag,0.37735849056603776
0.5,8,0,lobe,integrated,16,17,13,1091,17913,0.22389939404283618,0.10216691149833107,-0.12173248254450511,-0.1217324825445051,1.3877787807814457e-17,-0.12987470732184675,-0.1130458964458217,1.7713722153358944,1.2774963439451896,outside,flag,flag,0.37972237573678796
0.5,8,0,lobe,fixed,16,17,13,1091,17913,0.22389939404283618,0.0653226770957219,-0.15857671694711428,-0.15857671694711428,0.0,-0.17264030017462356,-0.14757730601291832,1.8429807028549041,1.206107354849347,outside,flag,flag,0.38443484791588434
0.5,8,0,lobe,matched,16,17,13,1091,17913,0.22389939404283618,0.06760986440607138,-0.1562895296367648,-0.1562895296367648,0.0,-0.170320657334777,-0.14534968115030247,1.8522104182713108,1.208848269310064,outside,flag,flag,0.37735849056603776
0.5,8,1,half,integrated,16,17,17,1091,17913,0.23391133215214435,0.09811829529852376,-0.1357930368536206,-0.13579303685362054,5.551115123125783e-17,-0.14256633723797177,-0.12887091962725594,1.9152138967741015,1.3157310111984806,outside,flag,flag,0.3600393710080205
0.5,8,1,half,fixed,16,17,17,1091,17913,0.23391133215214435,0.061779249099416345,-0.172132083052728,-0.17213208305272798,2.7755575615628914e-17,-0.18033125468477512,-0.1639127450198057,1.997030663841474,1.2475504383500933,outside,flag,flag,0.3832104778201922
0.5,8,1,half,matched,16,17,17,1091,17913,0.23391133215214435,0.06142837496103357,-0.1724829571911108,-0.17248295719111081,2.7755575615628914e-17,-0.18104230763391915,-0.1635611729913015,2.0016264559885535,1.2457230954189962,outside,flag,flag,0.38216560509554137
0.5,8,1,lobe,integrated,16,17,17,1091,17913,0.2246709475941789,0.10654389610041164,-0.11812705149376727,-0.11812705149376729,1.3877787807814457e-17,-0.12496555656040338,-0.11184901858259512,1.768088020611555,1.2722280496800056,outside,flag,flag,0.3600393710080205
0.5,8,1,lobe,fixed,16,17,17,1091,17913,0.2246709475941789,0.06828375152468817,-0.15638719606949075,-0.15638719606949075,0.0,-0.16522946538333252,-0.14782406449124824,1.843619660174449,1.2009010191094658,outside,flag,flag,0.3832104778201922
0.5,8,1,lobe,matched,16,17,17,1091,17913,0.2246709475941789,0.06779469121645243,-0.15687625637772648,-0.15687625637772648,0.0,-0.16594409991842599,-0.14766941957870047,1.8478624056213981,1.2003282069456187,outside,flag,flag,0.38216560509554137
0.5,8,2,half,integrated,16,17,17,1091,17913,0.23352207554705634,0.09178821590775312,-0.14173385963930324,-0.14173385963930324,0.0,-0.14787460348890435,-0.1361332423603287,1.926093262870882,1.3088036740078735,outside,flag,flag,0.3809412462501854
0.5,8,2,half,fixed,16,17,17,1091,17913,0.23352207554705634,0.05138216847033461,-0.18213990707672173,-0.18213990707672176,2.7755575615628914e-17,-0.18808438634220828,-0.17593942012375788,2.0429234186994876,1.2341083012102636,outside,flag,flag,0.38251994368840914
0.5,8,2,half,matched,16,17,17,1091,17913,0.23352207554705634,0.05172348919286664,-0.18179858635418972,-0.18179858635418972,0.0,-0.18823306125817668,-0.17513974458621615,2.036167215473896,1.2360236145220604,outside,flag,flag,0.38961038961038963
0.5,8,2,lobe,integrated,16,17,14,1091,17913,0.2236397556396554,0.09519170196240449,-0.12844805367725093,-0.12844805367725096,2.7755575615628914e-17,-0.13420085744255128,-0.123547906424938,1.777754320122787,1.2652933018879027,outside,flag,flag,0.3809412462501854
0.5,8,2,lobe,fixed,16,17,14,1091,17913,0.2236397556396554,0.05401414108832037,-0.16962561455133504,-0.16962561455133512,8.326672684688674e-17,-0.17587483409703675,-0.16297599732919643,1.8855867487225049,1.1823849605901215,outside,flag,flag,0.38251994368840914
0.5,8,2,lobe,matched,16,17,14,1091,17913,0.2236397556396554,0.05519215568597235,-0.16844759995368305,-0.1684475999536831,5.551115123125783e-17,-0.174507280332403,-0.1615958321256193,1.8793508775404308,1.185229587702809,outside,flag,flag,0.38961038961038963
0.5,8,3,half,integrated,16,17,17,1091,17913,0.23374101681744114,0.09402749605000472,-0.13971352076743643,-0.13971352076743634,8.326672684688674e-17,-0.14830749135917667,-0.13182448416777343,1.9213658754269936,1.3090659977175798,outside,flag,flag,0.37397581504417776
0.5,8,3,half,fixed,16,17,17,1091,17913,0.23374101681744114,0.05977287682919688,-0.17396813998824426,-0.17396813998824429,2.7755575615628914e-17,-0.1815371105690199,-0.1670436820346875,2.00524030267615,1.249956783325747,outside,flag,flag,0.3726084793174799
0.5,8,3,half,matched,16,17,17,1091,17913,0.23374101681744114,0.05952850375341533,-0.1742125130640258,-0.17421251306402574,5.551115123125783e-17,-0.1814275176967074,-0.16726480294574997,2.0096167011037256,1.2446729504267862,outside,flag,flag,0.36585365853658536
0.5,8,3,lobe,integrated,16,17,16,1091,17913,0.22518475056180812,0.10115149143639432,-0.1240332591254138,-0.1240332591254137,9.71445146547012e-17,-0.13255962902835247,-0.11612378352382098,1.7735977012858277,1.2637669233203845,outside,flag,flag,0.37397581504417776
0.5,8,3,lobe,fixed,16,17,16,1091,17913,0.22518475056180812,0.06561255812264435,-0.15957219243916376,-0.15957219243916376,0.0,-0.16842748883288766,-0.15178264283056914,1.8688599437215865,1.2133718894489443,outside,flag,flag,0.3726084793174799
0.5,8,3,lobe,matched,16,17,16,1091,17913,0.22518475056180812,0.06555939503171107,-0.15962535553009705,-0.15962535553009696,8.326672684688674e-17,-0.16767895984454137,-0.15197210877438036,1.8633853181564128,1.1951511442118206,outside,flag,flag,0.36585365853658536
0.15,2,0,half,integrated,16,17,17,1091,17913,0.23196978238918217,0.1990588489385389,-0.032910933450643276,-0.032910933450643325,4.85722573273506e-17,-0.035166457615527946,-0.03074705032348098,1.3602562562648042,1.2497096641672305,outside,flag,flag,0.9296645875663786
0.15,2,0,half,fixed,16,17,17,1091,17913,0.23196978238918217,0.22119710742067625,-0.010772674968505924,-0.010772674968505933,8.673617379884035e-18,-0.012716516606085068,-0.008639100864699604,1.1698233724887752,1.1253909973310678,within,flag,flag,0.795414904678895
0.15,2,0,half,matched,16,17,17,1091,17913,0.23196978238918217,0.22637790442236533,-0.005591877966816844,-0.005591877966816881,3.729655473350135e-17,-0.007463825972000468,-0.003537301135964309,1.1169582107575315,1.090521807077783,within,flag,flag,0.7497210711889163
0.15,2,0,lobe,integrated,16,17,17,1091,17913,0.22508405212290813,0.20216063280509966,-0.022923419317808474,-0.022923419317808464,1.0408340855860843e-17,-0.024277367043769968,-0.021505306238968302,1.2437706506954256,1.1674927915983584,outside,flag,flag,0.9296645875663786
0.15,2,0,lobe,fixed,16,17,17,1091,17913,0.22508405212290813,0.20611427699723944,-0.018969775125668692,-0.018969775125668657,3.469446951953614e-17,-0.0200530037575988,-0.0178714064161853,1.1450708888385694,1.0911536039074605,uncertain,flag,flag,0.795414904678895
0.15,2,0,lobe,matched,16,17,17,1091,17913,0.22508405212290813,0.21129427666586764,-0.013789775457040493,-0.013789775457040474,1.9081958235744878e-17,-0.014981323281267485,-0.012514168111272789,1.1032835089344555,1.0652588214950744,within,flag,flag,0.7497210711889163
0.15,2,1,half,integrated,16,17,17,1091,17913,0.23217512646916033,0.19871821217013713,-0.0334569142990232,-0.03345691429902327,6.938893903907228e-17,-0.03544058907482492,-0.0313623673828301,1.3585747341329806,1.2501449913207354,outside,flag,flag,0.9417112030162388
0.15,2,1,half,fixed,16,17,17,1091,17913,0.23217512646916033,0.22098426232115334,-0.01119086414800699,-0.011190864148007032,4.163336342344337e-17,-0.013472075915720267,-0.008760392109725183,1.1702756591872832,1.1291468008261794,within,flag,flag,0.8142134521555995
0.15,2,1,half,matched,16,17,17,1091,17913,0.23217512646916033,0.22611334935995636,-0.00606177710920397,-0.006061777109204042,7.19910242530375e-17,-0.00827204519989456,-0.0034549638143741884,1.118099080597861,1.0900747705033804,within,flag,flag,0.7710661730428807
0.15,2,1,lobe,integrated,16,17,17,1091,17913,0.2251440821523469,0.20202465218396012,-0.023119429968386784,-0.023119429968386895,1.1102230246251565e-16,-0.024329422375658327,-0.021855569731964158,1.242630959338605,1.1678187417137262,outside,flag,flag,0.9417112030162388
0.15,2,1,lobe,fixed,16,17,17,1091,17913,0.2251440821523469,0.20604006123550597,-0.019104020916840936,-0.01910402091684093,6.938893903907228e-18,-0.02065792015003581,-0.017411553942535664,1.144780803117535,1.0929819562237146,uncertain,flag,flag,0.8142134521555995
0.15,2,1,lobe,matched,16,17,17,1091,17913,0.2251440821523469,0.21102142415595274,-0.014122657996394172,-0.014122657996394259,8.673617379884035e-17,-0.015603452636047828,-0.012525981295599614,1.1030768727403744,1.064239616112404,within,flag,flag,0.7710661730428807
0.15,2,2,half,integrated,16,17,17,1091,17913,0.23232477879884028,0.19967183084003048,-0.0326529479588098,-0.03265294795880985,5.551115123125783e-17,-0.03536316051104626,-0.030187493644091755,1.3597514265745285,1.2499704012519117,outside,flag,flag,0.9164772885502994
0.15,2,2,half,fixed,16,17,17,1091,17913,0.23232477879884028,0.22148464825162725,-0.010840130547213028,-0.010840130547213035,6.938893903907228e-18,-0.012928256397612276,-0.008872334252736654,1.1748504606334822,1.1227568407123074,within,flag,flag,0.8132553955050366
0.15,2,2,half,matched,16,17,17,1091,17913,0.23232477879884028,0.22735527860728522,-0.004969500191555065,-0.004969500191555116,5.117434254131581e-17,-0.0073245791986582005,-0.002680048778282287,1.119534941712245,1.088395881271649,within,flag,flag,0.7637446504147896
0.15,2,2,lobe,integrated,16,17,17,1091,17913,0.22532956884450933,0.20255036162297116,-0.022779207221538172,-0.022779207221538138,3.469446951953614e-17,-0.024446261564490476,-0.02119737218015968,1.2425939761835338,1.1671013243323627,outside,flag,flag,0.9164772885502994
0.15,2,2,lobe,fixed,16,17,17,1091,17913,0.22532956884450933,0.20650429475770687,-0.018825274086802457,-0.01882527408680247,1.3877787807814457e-17,-0.020015127997518607,-0.017645798705142598,1.1489327770196756,1.0881480792431744,uncertain,flag,flag,0.8132553955050366
0.15,2,2,lobe,matched,16,17,17,1091,17913,0.22532956884450933,0.21203997809512315,-0.013289590749386182,-0.013289590749386147,3.469446951953614e-17,-0.014550911041340436,-0.01194995119154853,1.1048316227106139,1.062289618178155,within,flag,flag,0.7637446504147896
0.15,2,3,half,integrated,16,17,17,1091,17913,0.2325296275726185,0.1998143477614968,-0.032715279811121684,-0.032715279811121614,6.938893903907228e-17,-0.035170194314728974,-0.030157084613224718,1.3554417815780102,1.2515503784703788,outside,flag,flag,0.9247138740342276
0.15,2,3,half,fixed,16,17,17,1091,17913,0.2325296275726185,0.2218127916436776,-0.010716835928940904,-0.010716835928940864,3.9898639947466563e-17,-0.012859188244301883,-0.008577889033903293,1.1720645510517682,1.1279721498064934,within,flag,flag,0.7982262366007242
0.15,2,3,half,matched,16,17,17,1091,17913,0.2325296275726185,0.22631602194369985,-0.00621360562891865,-0.006213605628918643,6.938893903907228e-18,-0.008931296075590834,-0.0035098099156806685,1.1214412232602067,1.0882926497692604,within,flag,flag,0.7510356470583964
0.15,2,3,lobe,integrated,16,17,17,1091,17913,0.225389365256437,0.20284563312329001,-0.022543732133146976,-0.022543732133146935,4.163336342344337e-17,-0.0240420910407786,-0.02090015485495042,1.2396327492087447,1.1680757619774584,outside,flag,flag,0.9247138740342276
0.15,2,3,lobe,fixed,16,17,17,1091,17913,0.225389365256437,0.20667153216642845,-0.018717833090008545,-0.018717833090008545,0.0,-0.01997410799203734,-0.017378084642192065,1.1439667825583741,1.0905547707459733,within,flag,flag,0.7982262366007242
0.15,2,3,lobe,matched,16,17,17,1091,17913,0.225389365256437,0.2112657284131114,-0.014123636843325599,-0.014123636843325573,2.6020852139652106e-17,-0.01556298866987785,-0.012571793681214121,1.1046833638936935,1.061873018565317,within,flag,flag,0.7510356470583964
0.15,4,0,half,integrated,16,17,17,1091,17913,0.23196978238918217,0.2019073399674001,-0.030062442421782076,-0.030062442421782114,3.8163916471489756e-17,-0.03477408347982507,-0.025872348150247394,1.6115696797614163,1.4851100812686,outside,flag,flag,0.5659739198715945
0.15,4,0,half,fixed,16,17,17,1091,17913,0.23196978238918217,0.1580750416773332,-0.07389474071184898,-0.07389474071184897,1.3877787807814457e-17,-0.07779442139596943,-0.06929028070318582,1.4171850700547892,1.154299785908306,outside,flag,flag,0.5018126574506316
0.15,4,0,half,matched,16,17,17,1091,17913,0.23196978238918217,0.15355637725789772,-0.07841340513128445,-0.07841340513128447,2.7755575615628914e-17,-0.08226669339144109,-0.0743740812537287,1.4626693267195525,1.1711030364609314,outside,flag,flag,0.5042614878055888
0.15,4,0,lobe,integrated,16,17,17,1091,17913,0.22508405212290813,0.17754839206387107,-0.04753566005903706,-0.047535660059037,6.245004513516506e-17,-0.05149326536402107,-0.043606820556815286,1.4954935805013416,1.3134005573804113,outside,flag,flag,0.5659739198715945
0.15,4,0,lobe,fixed,16,17,17,1091,17913,0.22508405212290813,0.1803797250320996,-0.04470432709080854,-0.04470432709080849,5.551115123125783e-17,-0.04815823300982168,-0.040144341461476225,1.2756039965803538,1.1218921235616195,outside,flag,flag,0.5018126574506316
0.15,4,0,lobe,matched,16,17,17,1091,17913,0.22508405212290813,0.17135962816567088,-0.053724423957237255,-0.0537244239572372,5.551115123125783e-17,-0.05814551282478674,-0.04916933325842806,1.3331811326886684,1.1366390675414728,outside,flag,flag,0.5042614878055888
0.15,4,1,half,integrated,16,17,17,1091,17913,0.2325500210608899,0.2051781190488462,-0.027371902012043703,-0.02737190201204369,1.3877787807814457e-17,-0.03129810547501355,-0.023698563415722657,1.6069579592699157,1.4870667995430562,outside,flag,flag,0.5573749206921047
0.15,4,1,half,fixed,16,17,17,1091,17913,0.2325500210608899,0.16208863782693558,-0.07046138323395432,-0.07046138323395426,5.551115123125783e-17,-0.07520267970090375,-0.0659122448644101,1.4229197939255795,1.1603168335870033,outside,flag,flag,0.4854861022254612
0.15,4,1,half,matched,16,17,17,1091,17913,0.2325500210608899,0.15879542977425584,-0.07375459128663406,-0.07375459128663403,2.7755575615628914e-17,-0.07822012792624992,-0.06902099439388679,1.4502783720196901,1.175488067148482,outside,flag,flag,0.506473191203757
0.15,4,1,lobe,integrated,16,17,17,1091,17913,0.22534764141241637,0.18008642956702792,-0.04526121184538845,-0.045261211845388345,1.0408340855860843e-16,-0.04873563771861865,-0.042070736362137706,1.4900521602748018,1.3163781337453757,outside,flag,flag,0.5573749206921047
0.15,4,1,lobe,fixed,16,17,17,1091,17913,0.22534764141241637,0.18318490863598907,-0.04216273277642729,-0.0421627327764273,6.938893903907228e-18,-0.047997383199839795,-0.03702260281876487,1.2923710390054592,1.129920828132357,outside,flag,flag,0.4854861022254612
0.15,4,1,lobe,matched,16,17,17,1091,17913,0.22534764141241637,0.17726482732018764,-0.048082814092228726,-0.04808281409222864,8.326672684688674e-17,-0.052119785025278004,-0.0436726551175356,1.3181748019849575,1.1446725204602641,outside,flag,flag,0.506473191203757
0.15,4,2,half,integrated,16,17,17,1091,17913,0.23267818693258246,0.2020569672503937,-0.030621219682188755,-0.030621219682188776,2.0816681711721685e-17,-0.035437925786316396,-0.025702348206260193,1.6098026634229878,1.478390768610016,outside,flag,flag,0.557747565581217
0.15,4,2,half,fixed,16,17,17,1091,17913,0.23267818693258246,0.15957035429005037,-0.0731078326425321,-0.07310783264253212,2.7755575615628914e-17,-0.07713274062083256,-0.0692188172658441,1.4207642708406538,1.1588518559947154,outside,flag,flag,0.48707098190844433
0.15,4,2,half,matched,16,17,17,1091,17913,0.23267818693258246,0.15228620239484184,-0.08039198453774063,-0.08039198453774057,5.551115123125783e-17,-0.08386585749999986,-0.07697341982717917,1.4600430767496726,1.16709403701673,outside,flag,flag,0.5024577407947227
0.15,4,2,lobe,integrated,16,17,17,1091,17913,0.22556470850104476,0.1776859362197972,-0.04787877228124757,-0.047878772281247525,4.163336342344337e-17,-0.05185762696666769,-0.04378695212575012,1.4914030657867374,1.3102091201531978,outside,flag,flag,0.557747565581217
0.15,4,2,lobe,fixed,16,17,17,1091,17913,0.22556470850104476,0.1808695841877947,-0.04469512431325007,-0.04469512431325003,3.469446951953614e-17,-0.049837926571941575,-0.03992358253924787,1.2875012263842713,1.1287323540280176,outside,flag,flag,0.48707098190844433
0.15,4,2,lobe,matched,16,17,17,1091,17913,0.22556470850104476,0.16854244486867803,-0.05702226363236673,-0.05702226363236671,2.0816681711721685e-17,-0.06057831756215155,-0.053502248468791265,1.3272077788094574,1.1379780214440722,outside,flag,flag,0.5024577407947227
0.15,4,3,half,integrated,16,17,17,1091,17913,0.23325626789141443,0.20519085114821817,-0.028065416743196264,-0.028065416743196403,1.3877787807814457e-16,-0.032414232137620666,-0.023373452475057625,1.6095537269878917,1.4823610575565445,outside,flag,flag,0.5529333073669614
0.15,4,3,half,fixed,16,17,17,1091,17913,0.23325626789141443,0.1615631473971218,-0.07169312049429263,-0.07169312049429272,8.326672684688674e-17,-0.07635694650203692,-0.06683506016624113,1.4337795501296187,1.155726272042297,outside,flag,flag,0.48505882352941176
0.15,4,3,half,matched,16,17,17,1091,17913,0.23325626789141443,0.15874356261008374,-0.0745127052813307,-0.07451270528133075,5.551115123125783e-17,-0.07924028128225301,-0.06958596831316875,1.4610238075711013,1.1735823271283403,outside,flag,flag,0.5018593559388225
0.15,4,3,lobe,integrated,16,17,17,1091,17913,0.22582726912712686,0.17997732164552036,-0.04584994748160651,-0.045849947481606514,6.938893903907228e-18,-0.04932891648266667,-0.042342703790950134,1.4907775441579114,1.3139945214898952,outside,flag,flag,0.5529333073669614
0.15,4,3,lobe,fixed,16,17,17,1091,17913,0.22582726912712686,0.18277005008931332,-0.04305721903781354,-0.04305721903781354,0.0,-0.047542086003461756,-0.038138482114683396,1.2953206644913369,1.1271799199690469,outside,flag,flag,0.48505882352941176
0.15,4,3,lobe,matched,16,17,17,1091,17913,0.22582726912712686,0.1756401950856846,-0.050187074041442264,-0.05018707404144227,6.938893903907228e-18,-0.054792339196474436,-0.0452634403958883,1.3297153582578336,1.1402693315907728,outside,flag,flag,0.5018593559388225
0.15,8,0,half,integrated,16,17,16,1300,17913,0.2342316200698001,0.08528145939628684,-0.14895016067351327,-0.14895016067351322,5.551115123125783e-17,-0.15911707704233113,-0.13980177542858124,2.3577993165707753,1.5891106945571325,outside,flag,flag,0.39168347437389217
0.15,8,0,half,fixed,16,17,16,1300,17913,0.2342316200698001,0.003942973694990157,-0.23028864637480995,-0.23028864637480995,0.0,-0.24313975016550535,-0.2184536376500921,2.637085046003187,1.4429415760729207,outside,flag,flag,0.44591409114719754
0.15,8,0,half,matched,16,17,16,1300,17913,0.2342316200698001,0.04281598616156794,-0.19141563390823219,-0.19141563390823224,5.551115123125783e-17,-0.2011625364470823,-0.18243616210575686,2.432831264601127,1.468289052057507,outside,flag,flag,0.4209577754891864
0.15,8,0,lobe,integrated,16,17,13,1300,17913,0.22778818830423203,0.10146041751624876,-0.12632777078798327,-0.12632777078798335,8.326672684688674e-17,-0.13650947001586058,-0.11608977976761813,2.0698961912351823,1.4960091678468792,outside,flag,flag,0.39168347437389217
0.15,8,0,lobe,fixed,16,17,13,1300,17913,0.22778818830423203,0.01491893107833027,-0.21286925722590178,-0.21286925722590178,0.0,-0.2321676693792134,-0.19315758860314214,2.3283328812581514,1.3343515015663652,outside,flag,flag,0.44591409114719754
0.15,8,0,lobe,matched,16,17,13,1300,17913,0.22778818830423203,0.05359821161543209,-0.17418997668879993,-0.17418997668879987,5.551115123125783e-17,-0.1900729074890107,-0.15766335069403495,2.144194124876243,1.3790162792141827,outside,flag,flag,0.4209577754891864
0.15,8,1,half,integrated,16,17,17,1091,17913,0.23335769516800287,0.07701986783232213,-0.15633782733568075,-0.15633782733568077,2.7755575615628914e-17,-0.1655731497466574,-0.14817514120290487,2.412190087445879,1.5702723163984105,outside,flag,flag,0.39947359975433305
0.15,8,1,half,fixed,16,17,17,1091,17913,0.23335769516800287,-0.002467664477865901,-0.23582535964586876,-0.23582535964586882,5.551115123125783e-17,-0.24642809633595586,-0.22633072817089336,2.690054308223938,1.4145457719000174,outside,flag,flag,0.44288292934502316
0.15,8,1,half,matched,16,17,17,1091,17913,0.23335769516800287,0.032482657664848584,-0.20087503750315427,-0.2008750375031543,2.7755575615628914e-17,-0.21010746692993051,-0.1925734574404179,2.4930295019446307,1.4408307954107242,outside,flag,flag,0.42445482866043616
0.15,8,1,lobe,integrated,16,17,13,1091,15039,0.22496988140179078,0.08610295301208311,-0.13886692838970766,-0.13886692838970763,2.7755575615628914e-17,-0.1476173382512062,-0.13056805037462357,2.1208474925897502,1.4669161589537387,outside,flag,flag,0.39947359975433305
0.15,8,1,lobe,fixed,16,17,13,1091,15039,0.22496988140179078,-0.0015417228861818975,-0.22651160428797268,-0.2265116042879727,2.7755575615628914e-17,-0.23756581075109812,-0.21500410248244678,2.3763616378319807,1.3098628315746272,outside,flag,flag,0.4468911917098446
0.15,8,1,lobe,matched,16,17,13,1091,15039,0.22496988140179078,0.033922239943207276,-0.1910476414585835,-0.1910476414585834,8.326672684688674e-17,-0.20081648302898314,-0.18089593798287773,2.1943900450947416,1.3255870766881463,outside,flag,flag,0.42445482866043616
0.15,8,2,half,integrated,16,17,16,1300,17913,0.23458233320208569,0.08636271869884066,-0.14821961450324503,-0.148219614503245,2.7755575615628914e-17,-0.15841839409707642,-0.13849409542372376,2.3390632156285553,1.5965179278909725,outside,flag,flag,0.3845719651535398
0.15,8,2,half,fixed,16,17,16,1300,17913,0.23458233320208569,0.001114190631402673,-0.23346814257068302,-0.23346814257068302,0.0,-0.2448807468700965,-0.2232832663884773,2.596731676336659,1.4167880398698636,outside,flag,flag,0.45031463030938645
0.15,8,2,half,matched,16,17,16,1300,17913,0.23458233320208569,0.038647403199659106,-0.19593493000242657,-0.1959349300024265,5.551115123125783e-17,-0.20676970793949115,-0.18630006017591433,2.4297494156481694,1.4638422704789393,outside,flag,flag,0.4209577754891864
0.15,8,2,lobe,integrated,16,17,12,1300,17913,0.22734369880500502,0.11350984999525161,-0.1138338488097534,-0.11383384880975335,5.551115123125783e-17,-0.13559513822239488,-0.08855169533916747,2.0461920555702964,1.4906646451441083,outside,flag,flag,0.3845719651535398
0.15,8,2,lobe,fixed,16,17,12,1300,17913,0.22734369880500502,0.011791174576940865,-0.21555252422806415,-0.21555252422806415,0.0,-0.2283323303655466,-0.20477482452566045,2.2817664260300345,1.3227019741694248,outside,flag,flag,0.45031463030938645
0.15,8,2,lobe,matched,16,17,12,1300,17913,0.22734369880500502,0.057699488585280845,-0.16964421021972417,-0.16964421021972417,0.0,-0.1860001166585584,-0.15279852125885546,2.127112066362596,1.3633058545052354,outside,flag,flag,0.4209577754891864
0.15,8,3,half,integrated,16,17,16,1300,17913,0.23588904778168593,0.08648203735484647,-0.14940701042683946,-0.14940701042683943,2.7755575615628914e-17,-0.1595056948556323,-0.1395552466518167,2.3191339974469396,1.586247378492937,outside,flag,flag,0.3978411125140632
0.15,8,3,half,fixed,16,17,16,1300,17913,0.23588904778168593,0.007877926955369334,-0.22801112082631658,-0.22801112082631655,2.7755575615628914e-17,-0.23913142150121258,-0.2177554992196757,2.57458281624606,1.4214586415614245,outside,flag,flag,0.45251836306400844
0.15,8,3,half,matched,16,17,16,1300,17913,0.23588904778168593,0.03614871385518446,-0.19974033392650148,-0.1997403339265015,2.7755575615628914e-17,-0.2102361187692463,-0.1898204347406657,2.4261602121089503,1.448308853611225,outside,flag,flag,0.42095777548918645
0.15,8,3,lobe,integrated,16,17,16,1300,17913,0.22761619352489174,0.10073172225537684,-0.1268844712695149,-0.12688447126951496,5.551115123125783e-17,-0.13661023879884196,-0.11819391522702098,2.027663109961858,1.4669631525507938,outside,flag,flag,0.3978411125140632
0.15,8,3,lobe,fixed,16,17,16,1300,17913,0.22761619352489174,0.022059497679335436,-0.2055566958455563,-0.20555669584555644,1.3877787807814457e-16,-0.22359612952041483,-0.18816286879411265,2.251006886963324,1.3442667142000806,outside,flag,flag,0.45251836306400844
0.15,8,3,lobe,matched,16,17,16,1300,17913,0.22761619352489174,0.05016091707947696,-0.17745527644541478,-0.1774552764454148,2.7755575615628914e-17,-0.19695014098414806,-0.15736592972572122,2.123034447149488,1.4108204941066635,outside,flag,flag,0.42095777548918645
