composition,operator,sweep,observed_fraction,censored_fraction,complete_chords,half,chord
0.15,majority,1119,0.13526153564453125,0.055651852894226035,1124.625,1.6796542243533235,3.7647954225069644
0.15,majority,1268,0.13535308837890625,0.059767847997276295,1098.125,1.7140769575406682,3.848584190260101
0.15,majority,1438,0.136077880859375,0.05799055473070943,1078.75,1.7562059395498144,3.9403126550770438
0.15,majority,1630,0.13629913330078125,0.06166443523713951,1059.625,1.7855334853091516,4.017899665193439
0.15,majority,1848,0.1365814208984375,0.057360528323534346,1048.0,1.816166734003045,4.078412379746013
0.15,majority,2094,0.13751983642578125,0.06006291327230971,1029.0,1.8577857527773576,4.175504785372651
0.15,majority,2374,0.13808441162109375,0.0630875837764882,998.0,1.9110102244136877,4.313816252776915
0.15,majority,2691,0.1379547119140625,0.06269309185507782,976.75,1.964238532003494,4.403054863061202
0.15,majority,3051,0.1382293701171875,0.06675390555125997,950.875,2.015164386563017,4.518263891365955
0.15,majority,3458,0.1389617919921875,0.06725580940718415,926.375,2.0782768210321465,4.6573706588855135
0.15,majority,3920,0.138763427734375,0.07127416781039922,908.5,2.1201888338917394,4.724235274677046
0.15,majority,4443,0.1393585205078125,0.07258833999598346,881.625,2.19835080276083,4.879228642031704
0.15,majority,5037,0.14000701904296875,0.0741111540695871,860.625,2.2665030923556113,5.019410404674028
0.15,majority,5709,0.139556884765625,0.07502760260948978,841.25,2.3282698286035894,5.1274555323342685
0.15,majority,6472,0.13991546630859375,0.08093671302505208,809.625,2.4218743103454443,5.30285217997729
0.15,majority,7336,0.14105987548828125,0.08478364042545217,783.625,2.5112414951623885,5.535754985901135
0.15,majority,8316,0.1411590576171875,0.09050990858167975,755.375,2.6004011096302593,5.716955527541771
0.15,majority,9427,0.1409759521484375,0.09636198258122186,730.625,2.6881628949619762,5.8834163303006894
0.15,majority,10686,0.1419219970703125,0.0988576980491595,718.375,2.740796294887594,6.029954568483701
0.15,majority,12113,0.141815185546875,0.10783330073599917,693.75,2.832277153940243,6.179467025365855
0.15,majority,13731,0.1417388916015625,0.11371529070441115,671.375,2.906161877153921,6.361698132938445
0.15,majority,15565,0.14191436767578125,0.1228957451147606,643.875,3.0021356315356256,6.57576759995303
0.15,majority,17644,0.1427459716796875,0.12526773592113452,625.0,3.1235634913167827,6.806658038027701
0.15,majority,20000,0.142333984375,0.12131265478651367,615.5,3.2025547807526213,6.925217179956444
0.15,matched,1119,0.150390625,0.07587827320793403,225.0,2.1699705211789286,5.065592963677962
0.15,matched,1268,0.150390625,0.07881954231111256,222.55,2.1879079827591643,5.107806197720494
0.15,matched,1438,0.150390625,0.08119633812872062,219.65,2.213022309371122,5.149341407844988
0.15,matched,1630,0.150390625,0.0791321219616175,219.75,2.2156486862408014,5.156576457378899
0.15,matched,1848,0.150390625,0.08416101059129973,215.725,2.248301397138797,5.228347335055863
0.15,matched,2094,0.150390625,0.08866599993531762,210.925,2.2900146738059908,5.312822311306837
0.15,matched,2374,0.150390625,0.0909203599494195,206.6,2.3361191394370047,5.418707547932447
0.15,matched,2691,0.150390625,0.08647998913346314,203.95,2.378307461445049,5.501472558612181
0.15,matched,3051,0.150390625,0.08838438525891118,200.425,2.4204180633623027,5.623208504290075
0.15,matched,3458,0.150390625,0.09015171809421292,197.0,2.457009558509217,5.715076958911686
0.15,matched,3920,0.150390625,0.09165554967160716,193.475,2.4982260979338387,5.805452485110828
0.15,matched,4443,0.150390625,0.09828810564252219,187.35,2.5669803927277424,5.95993655939581
0.15,matched,5037,0.150390625,0.09751126811761653,182.55,2.6389181471537286,6.094208198390483
0.15,matched,5709,0.150390625,0.09799315730014795,179.6,2.681605478569213,6.231934312038422
0.15,matched,6472,0.150390625,0.0986231261105024,174.1,2.770925798938282,6.448487632062981
0.15,matched,7336,0.150390625,0.09713583343295222,172.05,2.8064968450303374,6.5420964241314055
0.15,matched,8316,0.150390625,0.10445345536078739,165.775,2.896454682292325,6.734751402543782
0.15,matched,9427,0.150390625,0.10563003276104532,160.975,2.981628653649467,6.9472281065700425
0.15,matched,10686,0.150390625,0.10816595562304405,158.675,3.0154941473924115,7.042506699839578
0.15,matched,12113,0.150390625,0.1200426962196425,152.75,3.1040917423178174,7.227630774405841
0.15,matched,13731,0.150390625,0.12917795805165322,148.85,3.158900976170765,7.33927017175831
0.15,matched,15565,0.150390625,0.13466055223707488,142.975,3.271181514664403,7.6089585978751675
0.15,matched,17644,0.150390625,0.13847175154790586,137.775,3.3878855105806593,7.852761454183698
0.15,matched,20000,0.150390625,0.13990489900057618,137.025,3.405864811838968,7.910084486121332
0.15,native,1119,0.1500244140625,0.04670264047859997,1504.5,1.491851929992535,3.1301560232434786
0.15,native,1268,0.1500244140625,0.04996931709306642,1482.625,1.51773159490664,3.1663230363562684
0.15,native,1438,0.1500244140625,0.048151214001418405,1452.125,1.5623628219663357,3.2369214471023025
0.15,native,1630,0.1500244140625,0.05062068465273925,1429.5,1.5926888341132368,3.2859985259634463
0.15,native,1848,0.1500244140625,0.047036156102778205,1416.125,1.614844123679529,3.3252792379698835
0.15,native,2094,0.1500244140625,0.049293194974173046,1374.125,1.6690181188311823,3.4190298906858727
0.15,native,2374,0.1500244140625,0.05299614524343699,1330.0,1.7232084113413202,3.5214889766328827
0.15,native,2691,0.1500244140625,0.05108967134627916,1315.375,1.7649836487680135,3.5644870825857438
0.15,native,3051,0.1500244140625,0.05382503423308282,1292.625,1.8028233999048033,3.6195889571498645
0.15,native,3458,0.1500244140625,0.05566843043023195,1243.25,1.8717305149578527,3.761597337231839
0.15,native,3920,0.1500244140625,0.05708802680343852,1234.875,1.9011878076525608,3.777420502981188
0.15,native,4443,0.1500244140625,0.05721167822660296,1198.75,1.9666008256527139,3.8797430371533963
0.15,native,5037,0.1500244140625,0.05979572206481758,1164.75,2.0356258632598663,3.983237281038142
0.15,native,5709,0.1500244140625,0.061539182335912046,1152.625,2.083062077471925,4.031637597389562
0.15,native,6472,0.1500244140625,0.06439718782286089,1116.625,2.1716140845052005,4.139758591796647
0.15,native,7336,0.1500244140625,0.06785818926967566,1069.375,2.271084627992972,4.331631449465581
0.15,native,8316,0.1500244140625,0.07049325033656567,1041.25,2.3557379556127795,4.4294607025317045
0.15,native,9427,0.1500244140625,0.07450802630303693,1013.75,2.4495706756666893,4.539029636141352
0.15,native,10686,0.1500244140625,0.07886422726197428,986.75,2.5091522631194705,4.655574780746379
0.15,native,12113,0.1500244140625,0.08164400670722725,978.375,2.567293324996398,4.666139083705168
0.15,native,13731,0.1500244140625,0.08674577459382844,950.25,2.6587810538952388,4.776663280307139
0.15,native,15565,0.1500244140625,0.09379941338488103,917.875,2.7514165690600643,4.903860352185084
0.15,native,17644,0.1500244140625,0.09407736915581941,889.875,2.865820466105607,5.058380219908749
0.15,native,20000,0.1500244140625,0.09102461363030191,875.5,2.941463081209549,5.155984647016526
0.5,majority,1119,0.5002975463867188,0.11005422605480406,2039.25,1.9017791956311578,7.331625548981913
0.5,majority,1268,0.49951171875,0.11321446793915266,1975.0,1.953278095875159,7.540477239437104
0.5,majority,1438,0.500396728515625,0.11509662397903068,1939.625,1.9968788846536731,7.695065316615217
0.5,majority,1630,0.49993133544921875,0.11796076460763986,1887.25,2.050368739186891,7.860617571406971
0.5,majority,1848,0.4999847412109375,0.11946687598621353,1837.5,2.108936074923174,8.061505043962637
0.5,majority,2094,0.49954986572265625,0.12017689184656244,1786.5,2.170248287029073,8.25442740824289
0.5,majority,2374,0.5006256103515625,0.12393403459341595,1750.25,2.2175637018103886,8.421044667751048
0.5,majority,2691,0.50048828125,0.1267628230049403,1704.0,2.2770879048336616,8.612945866145743
0.5,majority,3051,0.5001602172851562,0.12938835075990784,1660.875,2.3371605174397376,8.828424105040355
0.5,majority,3458,0.5001907348632812,0.1319037458530931,1619.5,2.3976553834573204,9.027483582632968
0.5,majority,3920,0.49967193603515625,0.13683461324423693,1574.875,2.460399227584912,9.240103383920335
0.5,majority,4443,0.49990081787109375,0.1347278877397156,1543.625,2.51935588023223,9.451394746016284
0.5,majority,5037,0.49996185302734375,0.14375541995031388,1487.625,2.603715325081793,9.683269373680275
0.5,majority,5709,0.49956512451171875,0.1464566299251498,1453.625,2.6621344732720176,9.910871842116201
0.5,majority,6472,0.50018310546875,0.1477694547873764,1414.5,2.740570086266804,10.151104305363212
0.5,majority,7336,0.5000457763671875,0.15458074729679766,1363.25,2.8247781603915048,10.473510449103951
0.5,majority,8316,0.5001373291015625,0.15702276478966395,1333.375,2.9005155451948816,10.658379889536867
0.5,majority,9427,0.5,0.16351675123334275,1293.625,2.9824038597694997,10.961746389084588
0.5,majority,10686,0.499908447265625,0.17283818571080195,1246.125,3.0773528816830122,11.230058147006055
0.5,majority,12113,0.49965667724609375,0.1766349446766906,1210.25,3.1699179685421477,11.523517244901196
0.5,majority,13731,0.49994659423828125,0.18056029875980448,1173.5,3.2746672393972305,11.862412733279717
0.5,majority,15565,0.49993133544921875,0.17896422001283085,1141.0,3.3870912315208628,12.231728129348573
0.5,majority,17644,0.5002288818359375,0.18890151470125394,1102.875,3.473741794889601,12.535432171105507
0.5,majority,20000,0.499847412109375,0.19800057941066662,1058.875,3.6147237622458324,12.907621769029777
0.5,matched,1119,0.5,0.12915402787679217,416.075,2.221181541576081,8.579490708666608
0.5,matched,1268,0.5,0.13153407178409154,408.05,2.2610111705421625,8.771168240622831
0.5,matched,1438,0.5,0.13453762111004572,400.825,2.2975882895811948,8.928144587959387
0.5,matched,1630,0.5,0.13624239685491246,391.2,2.352223432742479,9.10058293603341
0.5,matched,1848,0.5,0.1405795857982061,385.125,2.3827416099810286,9.200021103009524
0.5,matched,2094,0.5,0.14445620817668797,375.525,2.4389521957997746,9.387862867004042
0.5,matched,2374,0.5,0.14344465700139364,368.525,2.486442958105818,9.610288450498604
0.5,matched,2691,0.5,0.14598486396713825,362.0,2.526046787938136,9.699300193897447
0.5,matched,3051,0.5,0.1508985055913429,353.075,2.581875388984777,9.935523235908684
0.5,matched,3458,0.5,0.15454710458488172,345.25,2.6338297966156774,10.138520984895642
0.5,matched,3920,0.5,0.15547107790120232,336.575,2.6996711531137785,10.30706548157198
0.5,matched,4443,0.5,0.16129841458633665,329.375,2.749438184940774,10.512837059391657
0.5,matched,5037,0.5,0.1666843658201648,320.3,2.8174905701358077,10.6623411909796
0.5,matched,5709,0.5,0.16598471973500734,314.4,2.8720008143697044,10.919315131238323
0.5,matched,6472,0.5,0.17015750743105626,305.775,2.9451505637047743,11.150334717423794
0.5,matched,7336,0.5,0.17535888140303557,296.825,3.024598176527193,11.42352368757844
0.5,matched,8316,0.5,0.17514319436345321,289.975,3.1012397310875173,11.752293044875193
0.5,matched,9427,0.5,0.18674881413641636,281.7,3.1670922900991982,11.995184918118891
0.5,matched,10686,0.5,0.19300360371187802,272.825,3.257566132224104,12.280302168296828
0.5,matched,12113,0.5,0.19601032890138836,263.625,3.3610079709778846,12.742305335573004
0.5,matched,13731,0.5,0.20043766461499707,257.3,3.433047425844321,12.903912645202425
0.5,matched,15565,0.5,0.20096673000804924,248.9,3.5505461070040996,13.39437886972828
0.5,matched,17644,0.5,0.20749085424102853,242.2,3.635424712278316,13.712470775703839
0.5,matched,20000,0.5,0.21243951186162002,232.725,3.77426632405603,14.13069587690136
0.5,native,1119,0.5,0.09562007274277091,2392.375,1.7643038305755798,6.299921334965346
0.5,native,1268,0.5,0.09752745525987633,2321.375,1.8199823063608722,6.474851016685484
0.5,native,1438,0.5,0.09954426333840041,2281.5,1.8587192589606671,6.595689162028716
0.5,native,1630,0.5,0.10200944083464453,2222.25,1.9124462750821893,6.7471995458139595
0.5,native,1848,0.5,0.10350243356887978,2174.125,1.961177939687107,6.87183525873781
0.5,native,2094,0.5,0.10409747785400383,2107.375,2.025979374063496,7.066818892956986
0.5,native,2374,0.5,0.10617264119709183,2084.625,2.0623117303496006,7.129222615422887
0.5,native,2691,0.5,0.10907391206104783,2018.25,2.130025838793605,7.328990459639623
0.5,native,3051,0.5,0.11040853978240468,1978.25,2.1923135982345565,7.4928439982227655
0.5,native,3458,0.5,0.11303723421530563,1936.625,2.2486750612235333,7.63249680575332
0.5,native,3920,0.5,0.1163705034456366,1894.5,2.3124478493337453,7.770178607350117
0.5,native,4443,0.5,0.11536226304462903,1840.0,2.378683331046153,8.00305680204812
0.5,native,5037,0.5,0.12190306385745825,1792.875,2.4547727154808134,8.136225689358731
0.5,native,5709,0.5,0.12399078802493299,1759.375,2.514550558309198,8.286862738390058
0.5,native,6472,0.5,0.12558287042253227,1709.25,2.5932726353021094,8.483700031361195
0.5,native,7336,0.5,0.13196104190082938,1642.75,2.686799205425109,8.790449544602325
0.5,native,8316,0.5,0.13228567973700034,1629.625,2.75303951718539,8.826392271231079
0.5,native,9427,0.5,0.13843619917642613,1583.75,2.8318972260555175,9.078203477210222
0.5,native,10686,0.5,0.14648615072960242,1520.75,2.9382529788772835,9.336511053122091
0.5,native,12113,0.5,0.14998244768265678,1472.125,3.0259097677969633,9.610321508599423
0.5,native,13731,0.5,0.1507356286149315,1452.75,3.122947161381361,9.702062775354744
0.5,native,15565,0.5,0.15138913835311005,1398.25,3.248971335942719,10.135357337396762
0.5,native,17644,0.5,0.1582564205786116,1359.0,3.3305654703992564,10.349708875733192
0.5,native,20000,0.5,0.16547972949812523,1321.625,3.4661222311769855,10.517272255415904
